alpha,n_iterations,n_reps,labeling,value
0.05,10,10,[ 14 37 9 39 11 7 2 34 4 21 22 17 32 5 12 31 24 28 16 33 13 20 38 35 25 23 19 15 10 6 26 1 29 3 18 30 8 27 36 ],4
0.05,10,10,[ 18 2 16 21 20 22 34 17 19 36 6 1 13 4 32 25 31 27 23 33 35 30 38 28 24 9 12 37 10 8 29 15 39 3 26 11 7 5 14 ],4
0.05,10,10,[ 18 2 16 21 20 22 34 17 19 36 6 1 13 4 32 25 31 27 23 33 35 30 38 28 24 9 12 37 10 8 29 15 39 3 26 11 7 5 14 ],4
0.05,10,10,[ 18 2 16 21 20 22 34 17 19 36 6 1 13 4 32 25 31 27 23 33 35 30 38 28 24 9 12 37 10 8 29 15 39 3 26 11 7 5 14 ],4
0.05,10,10,[ 18 2 16 21 20 22 34 17 19 36 6 1 13 4 32 25 31 27 23 33 35 30 38 28 24 9 12 37 10 8 29 15 39 3 26 11 7 5 14 ],4
0.05,10,10,[ 18 2 16 21 20 22 34 17 19 36 6 1 13 4 32 25 31 27 23 33 35 30 38 28 24 9 12 37 10 8 29 15 39 3 26 11 7 5 14 ],4
0.05,10,10,[ 8 38 25 5 27 28 36 11 14 20 24 17 30 21 6 33 15 13 10 23 26 18 2 32 39 4 9 1 7 12 34 35 29 22 16 3 19 31 37 ],3
0.05,10,10,[ 8 38 25 5 27 28 36 11 14 20 24 17 30 21 6 33 15 13 10 23 26 18 2 32 39 4 9 1 7 12 34 35 29 22 16 3 19 31 37 ],3
0.05,10,10,[ 8 38 25 5 27 28 36 11 14 20 24 17 30 21 6 33 15 13 10 23 26 18 2 32 39 4 9 1 7 12 34 35 29 22 16 3 19 31 37 ],3
0.05,10,10,[ 8 38 25 5 27 28 36 11 14 20 24 17 30 21 6 33 15 13 10 23 26 18 2 32 39 4 9 1 7 12 34 35 29 22 16 3 19 31 37 ],3
0.05,50,10,[ 13 5 23 36 22 3 21 26 28 27 12 35 9 24 17 6 34 25 15 20 37 18 39 29 10 14 31 19 32 4 11 8 16 30 38 33 2 1 7 ],5
0.05,50,10,[ 32 28 30 11 20 27 3 12 8 25 29 22 18 7 36 26 15 13 33 5 19 34 1 17 39 9 37 21 16 10 35 38 31 4 23 14 24 6 2 ],5
0.05,50,10,[ 1 19 26 11 9 25 13 30 37 24 39 38 31 10 8 16 36 23 14 5 32 6 2 18 21 7 35 28 12 20 17 3 15 29 22 34 27 33 4 ],5
0.05,50,10,[ 7 38 22 15 23 36 28 29 30 18 25 11 4 32 17 35 3 34 24 10 26 37 13 12 1 9 6 31 2 27 39 14 19 8 16 5 33 20 21 ],4
0.05,50,10,[ 6 24 21 35 12 16 26 31 18 13 11 23 27 33 5 39 14 36 10 9 4 20 3 17 22 7 19 28 8 32 25 2 37 15 30 38 29 1 34 ],4
0.05,50,10,[ 1 5 19 22 31 13 35 6 34 21 15 4 14 30 25 37 17 28 20 8 33 27 18 12 7 24 11 16 23 9 36 39 3 32 2 10 29 26 38 ],5
0.05,50,10,[ 13 4 32 20 27 7 39 26 25 28 11 34 18 16 15 36 22 29 8 5 3 14 2 12 31 19 6 1 38 9 37 33 30 24 17 10 35 21 23 ],4
0.05,50,10,[ 33 13 36 20 23 2 15 21 35 12 1 31 8 30 11 10 4 3 25 34 18 16 6 29 24 22 39 27 19 14 28 38 26 7 32 17 9 5 37 ],4
0.05,50,10,[ 13 8 24 18 14 27 5 6 25 31 16 17 4 34 20 10 22 36 30 21 23 28 26 3 11 38 37 15 39 33 35 2 7 12 32 19 29 9 1 ],5
0.05,50,10,[ 27 10 26 25 7 17 34 23 22 36 24 37 16 20 29 19 15 31 6 39 12 35 28 33 5 18 13 30 3 21 9 1 4 2 32 38 8 11 14 ],5
0.05,100,10,[ 29 21 30 39 14 13 32 31 35 16 22 38 7 34 9 6 2 25 4 17 27 10 36 23 18 24 11 28 15 20 1 37 5 19 33 8 26 12 3 ],5
0.05,100,10,[ 38 29 5 27 32 8 7 11 34 22 10 35 4 6 30 21 24 18 28 37 20 19 39 13 1 33 14 26 16 9 25 3 15 36 23 12 31 17 2 ],5
0.05,100,10,[ 20 32 2 17 28 8 12 15 3 19 24 37 27 26 30 36 34 14 9 33 21 25 10 29 23 39 16 22 6 35 4 1 31 38 13 11 5 7 18 ],5
0.05,100,10,[ 9 35 37 34 19 18 5 28 17 14 22 26 32 39 2 33 13 8 36 29 38 20 21 31 11 30 16 10 24 4 27 1 7 15 3 12 25 23 6 ],4
0.05,100,10,[ 27 37 20 23 15 17 3 21 30 12 16 35 28 19 38 26 22 39 9 4 1 2 8 33 25 31 5 13 10 36 32 18 11 6 34 7 24 14 29 ],4
0.05,100,10,[ 35 30 6 23 31 28 16 20 7 26 4 17 37 11 13 36 10 5 19 12 18 29 8 38 2 32 27 21 9 15 3 34 1 22 14 24 39 33 25 ],5
0.05,100,10,[ 7 9 27 34 21 38 35 12 29 26 28 6 20 14 1 16 8 13 18 32 39 30 2 23 36 19 4 25 5 33 17 3 24 37 15 31 10 22 11 ],4
0.05,100,10,[ 36 35 12 19 15 1 17 32 18 2 4 16 28 7 38 33 30 10 14 6 26 37 24 39 22 5 20 27 21 8 29 3 31 9 25 23 34 13 11 ],4
0.05,100,10,[ 28 15 27 35 21 14 8 33 6 11 34 3 30 32 38 17 25 5 36 18 24 22 1 2 12 19 9 26 7 4 23 31 13 16 29 10 39 37 20 ],5
0.05,100,10,[ 10 7 3 38 11 32 36 19 16 5 13 20 33 30 37 17 25 18 6 8 9 14 26 35 28 23 4 39 27 22 2 29 34 21 1 24 15 12 31 ],4
0.1,10,10,[ 2 16 3 31 11 12 5 18 4 29 36 34 39 9 26 37 25 27 10 6 30 22 28 21 13 20 7 33 32 23 24 19 38 8 15 35 17 1 14 ],4
0.1,10,10,[ 21 2 9 5 30 28 18 17 27 8 13 16 1 19 33 22 31 15 20 3 23 37 35 26 11 14 12 39 38 7 4 36 6 10 32 34 25 24 29 ],4
0.1,10,10,[ 21 2 9 5 30 28 18 17 27 8 13 16 1 19 33 22 31 15 20 3 23 37 35 26 11 14 12 39 38 7 4 36 6 10 32 34 25 24 29 ],4
0.1,10,10,[ 21 2 9 5 30 28 18 17 27 8 13 16 1 19 33 22 31 15 20 3 23 37 35 26 11 14 12 39 38 7 4 36 6 10 32 34 25 24 29 ],4
0.1,10,10,[ 21 2 9 5 30 28 18 17 27 8 13 16 1 19 33 22 31 15 20 3 23 37 35 26 11 14 12 39 38 7 4 36 6 10 32 34 25 24 29 ],4
0.1,10,10,[ 13 3 7 15 27 20 28 14 30 12 25 37 16 4 39 11 2 34 10 8 1 38 18 19 9 33 23 32 36 6 31 26 24 22 29 21 35 17 5 ],4
0.1,10,10,[ 13 3 7 15 27 20 28 14 30 12 25 37 16 4 39 11 2 34 10 8 1 38 18 19 9 33 23 32 36 6 31 26 24 22 29 21 35 17 5 ],4
0.1,10,10,[ 13 3 7 15 27 20 28 14 30 12 25 37 16 4 39 11 2 34 10 8 1 38 18 19 9 33 23 32 36 6 31 26 24 22 29 21 35 17 5 ],4
0.1,10,10,[ 13 3 7 15 27 20 28 14 30 12 25 37 16 4 39 11 2 34 10 8 1 38 18 19 9 33 23 32 36 6 31 26 24 22 29 21 35 17 5 ],4
0.1,10,10,[ 22 28 10 3 5 8 23 26 17 27 1 38 19 7 31 39 32 25 30 33 21 37 20 15 11 29 24 18 4 35 34 14 2 12 36 16 9 6 13 ],5
0.1,50,10,[ 22 28 10 3 5 8 23 26 17 27 1 38 19 7 31 39 32 25 30 33 21 37 20 15 11 29 24 18 4 35 34 14 2 12 36 16 9 6 13 ],5
0.1,50,10,[ 37 34 11 5 36 24 7 9 15 19 3 18 6 13 32 17 30 21 29 14 27 28 2 31 22 25 10 35 20 12 16 8 33 4 26 1 23 39 38 ],6
0.1,50,10,[ 12 17 19 39 38 26 36 35 32 15 4 16 33 1 22 31 29 3 25 18 9 28 2 6 20 7 23 10 21 5 24 34 14 8 13 37 11 27 30 ],5
0.1,50,10,[ 35 10 3 29 4 9 39 24 28 18 8 2 11 5 17 1 33 20 13 27 6 12 38 14 19 25 16 36 34 26 32 7 22 30 15 23 37 31 21 ],6
0.1,50,10,[ 5 33 15 4 19 23 6 7 18 30 12 37 13 9 32 26 10 22 3 11 16 35 14 8 28 39 1 38 17 25 20 31 29 24 36 2 34 21 27 ],6
0.1,50,10,[ 37 23 11 13 19 26 32 12 30 5 14 9 28 16 24 8 21 2 17 15 35 33 38 31 39 22 25 18 10 3 4 27 1 7 34 36 6 20 29 ],6
0.1,50,10,[ 31 25 14 21 17 1 30 19 39 12 9 7 33 10 35 23 37 27 32 8 26 6 28 20 2 36 16 38 15 11 18 3 4 13 34 5 22 24 29 ],5
0.1,50,10,[ 8 1 5 23 10 26 6 25 22 27 30 32 17 29 14 13 21 2 7 35 33 36 20 18 15 11 19 37 31 28 9 34 16 24 3 38 4 12 39 ],5
0.1,50,10,[ 30 26 11 18 32 24 34 16 5 39 6 2 10 7 9 31 23 21 12 8 13 1 38 27 37 22 25 20 4 3 19 28 29 17 33 36 14 15 35 ],5
0.1,50,10,[ 36 27 6 11 29 17 25 22 4 23 37 8 5 34 7 24 9 14 2 38 26 28 1 20 15 30 10 3 31 13 35 21 19 33 12 18 32 39 16 ],5
0.1,100,10,[ 17 16 33 18 7 31 30 4 21 5 8 15 19 13 29 36 11 10 32 26 28 24 22 27 34 14 2 20 6 39 9 3 38 35 25 23 12 1 37 ],5
0.1,100,10,[ 14 30 23 12 24 35 7 16 38 18 4 5 11 21 3 25 20 36 29 19 37 26 34 13 9 31 10 33 15 39 1 8 28 17 22 6 27 2 32 ],5
0.1,100,10,[ 24 14 6 9 12 31 39 13 27 11 23 22 21 32 38 10 26 29 18 7 36 19 33 15 1 20 28 17 16 35 8 3 5 2 37 25 34 30 4 ],6
0.1,100,10,[ 7 1 35 23 39 19 13 17 36 8 9 25 15 10 32 12 24 33 5 6 29 34 2 20 27 26 21 37 22 28 30 11 4 16 38 18 31 14 3 ],6
0.1,100,10,[ 26 27 3 32 11 5 22 25 19 23 33 35 4 2 9 29 7 31 1 13 20 17 36 12 38 37 16 6 21 34 10 14 39 30 8 18 28 24 15 ],6
0.1,100,10,[ 10 16 31 4 32 36 29 33 34 39 7 26 1 5 8 6 9 23 35 2 13 27 25 24 11 20 12 37 3 19 15 17 18 22 28 21 30 38 14 ],5
0.1,100,10,[ 11 6 37 21 16 23 20 2 27 5 31 18 38 25 39 22 12 4 26 34 10 36 8 24 3 30 14 28 32 33 29 35 17 1 15 13 19 7 9 ],5
0.1,100,10,[ 2 26 24 18 39 8 38 21 9 19 34 33 6 1 7 36 17 22 3 28 5 10 14 30 27 29 4 20 31 11 23 12 15 37 16 32 13 35 25 ],5
0.1,100,10,[ 30 9 5 36 20 3 8 22 17 19 32 18 27 12 39 23 10 34 2 21 16 15 35 25 26 14 33 1 11 13 6 24 29 7 37 31 4 28 38 ],5
0.1,100,10,[ 21 27 24 25 36 12 15 13 6 1 38 23 34 18 29 30 28 10 3 33 16 19 39 4 26 35 14 8 31 2 5 22 32 37 17 11 20 7 9 ],6
0.15,10,10,[ 6 37 14 13 36 22 3 39 30 23 24 8 32 33 17 28 31 20 2 25 27 26 5 29 9 38 7 1 34 18 16 11 12 10 15 21 35 4 19 ],5
0.15,10,10,[ 23 30 3 11 25 32 28 1 10 7 34 18 39 29 37 33 36 13 26 31 4 19 8 35 17 12 6 24 14 15 22 21 20 27 9 38 16 2 5 ],5
0.15,10,10,[ 23 30 3 11 25 32 28 1 10 7 34 18 39 29 37 33 36 13 26 31 4 19 8 35 17 12 6 24 14 15 22 21 20 27 9 38 16 2 5 ],5
0.15,10,10,[ 23 30 3 11 25 32 28 1 10 7 34 18 39 29 37 33 36 13 26 31 4 19 8 35 17 12 6 24 14 15 22 21 20 27 9 38 16 2 5 ],5
0.15,10,10,[ 23 30 3 11 25 32 28 1 10 7 34 18 39 29 37 33 36 13 26 31 4 19 8 35 17 12 6 24 14 15 22 21 20 27 9 38 16 2 5 ],5
0.15,10,10,[ 14 26 18 16 31 38 5 35 15 36 10 11 6 13 9 21 17 23 29 8 32 25 1 2 28 33 7 34 12 20 30 37 3 19 27 39 24 4 22 ],6
0.15,10,10,[ 14 26 18 16 31 38 5 35 15 36 10 11 6 13 9 21 17 23 29 8 32 25 1 2 28 33 7 34 12 20 30 37 3 19 27 39 24 4 22 ],6
0.15,10,10,[ 14 26 18 16 31 38 5 35 15 36 10 11 6 13 9 21 17 23 29 8 32 25 1 2 28 33 7 34 12 20 30 37 3 19 27 39 24 4 22 ],6
0.15,10,10,[ 14 26 18 16 31 38 5 35 15 36 10 11 6 13 9 21 17 23 29 8 32 25 1 2 28 33 7 34 12 20 30 37 3 19 27 39 24 4 22 ],6
0.15,10,10,[ 33 5 37 26 34 28 27 35 18 39 36 16 9 12 19 22 38 21 31 1 13 4 15 6 8 20 3 14 32 25 2 10 30 11 23 24 29 17 7 ],5
0.15,50,10,[ 7 19 18 23 21 36 31 11 28 30 14 5 13 2 17 8 26 38 10 12 16 4 27 35 6 37 15 24 25 33 20 1 9 29 3 34 22 32 39 ],6
0.15,50,10,[ 23 27 9 20 11 6 26 30 14 10 36 34 22 29 2 17 35 1 13 33 32 39 25 24 5 15 38 8 3 37 31 21 7 16 28 19 12 4 18 ],5
0.15,50,10,[ 19 24 36 1 21 7 30 18 8 16 22 13 4 39 37 15 9 31 38 23 10 32 27 28 26 12 29 6 2 33 3 20 25 14 34 17 11 5 35 ],6
0.15,50,10,[ 20 22 4 11 6 39 28 10 34 12 21 5 18 32 1 17 19 38 23 29 3 2 24 16 15 35 37 7 25 33 9 8 14 36 31 27 13 26 30 ],5
0.15,50,10,[ 8 25 11 10 34 17 35 14 18 5 21 7 32 31 20 13 16 6 23 26 15 28 36 4 9 27 2 29 3 19 30 1 24 39 33 37 12 22 38 ],5
0.15,50,10,[ 2 10 19 26 16 28 17 8 21 25 18 37 13 7 23 1 4 6 20 29 12 39 36 34 33 9 15 24 27 31 3 38 30 11 35 32 22 14 5 ],7
0.15,50,10,[ 23 27 15 10 29 5 7 8 35 19 32 13 2 24 30 12 20 38 1 21 25 33 34 6 26 37 4 36 28 11 18 31 16 22 9 39 14 17 3 ],7
0.15,50,10,[ 3 35 34 27 39 32 24 20 29 23 5 11 12 2 28 6 4 1 10 31 37 7 33 18 8 14 22 36 13 25 9 21 17 15 26 19 38 16 30 ],6
0.15,50,10,[ 20 19 16 7 22 10 32 8 35 31 34 17 24 13 30 4 1 39 15 18 21 23 29 25 6 9 37 14 33 36 12 28 2 11 3 5 26 38 27 ],6
0.15,50,10,[ 20 25 14 21 36 9 17 15 34 26 12 30 37 7 2 29 6 22 38 5 19 3 35 24 8 33 16 23 11 13 1 32 27 18 31 39 28 10 4 ],6
0.15,100,10,[ 20 5 1 21 22 30 12 19 32 16 17 14 23 34 39 10 8 37 4 24 33 31 28 7 2 27 18 25 11 6 36 29 13 9 35 26 3 15 38 ],6
0.15,100,10,[ 9 22 10 24 16 33 36 11 8 26 5 6 7 31 1 38 2 17 4 35 34 30 27 37 21 20 28 13 12 23 15 25 14 18 32 3 19 39 29 ],6
0.15,100,10,[ 21 26 19 10 31 3 30 20 15 16 14 36 9 22 28 18 33 29 37 5 4 38 1 2 27 8 34 7 17 39 23 13 35 12 25 11 24 32 6 ],7
0.15,100,10,[ 38 5 13 17 8 4 37 2 39 27 18 19 7 15 26 6 3 35 1 20 23 33 36 22 16 28 24 14 9 31 11 10 30 12 32 25 34 21 29 ],7
0.15,100,10,[ 17 4 38 27 28 24 3 11 35 39 5 6 32 18 25 36 12 10 29 20 33 34 30 15 9 14 7 1 16 22 23 19 8 2 37 13 26 31 21 ],5
0.15,100,10,[ 14 16 17 12 10 26 31 32 35 18 7 33 4 22 3 37 15 19 39 25 2 23 6 27 9 11 13 1 34 24 36 8 28 30 20 29 38 5 21 ],6
0.15,100,10,[ 4 39 32 29 22 18 19 37 13 5 26 33 15 31 11 17 28 38 23 6 12 1 9 16 36 25 7 24 34 35 20 2 3 30 14 10 21 27 8 ],6
0.15,100,10,[ 23 28 29 19 17 15 5 7 18 13 14 34 24 26 32 33 10 30 6 12 31 35 16 3 8 38 27 11 39 36 22 37 2 4 21 1 20 9 25 ],6
0.15,100,10,[ 22 38 28 36 34 35 5 18 7 16 37 13 2 8 25 1 19 23 30 29 11 9 32 4 15 39 26 33 6 10 20 12 24 17 31 14 3 21 27 ],6
0.15,100,10,[ 35 6 37 9 24 8 5 14 31 36 28 25 4 1 3 15 30 39 26 17 38 27 2 21 19 18 22 34 29 11 13 16 12 10 20 23 33 32 7 ],7
0.2,10,10,[ 12 1 13 26 27 36 33 6 15 8 7 23 31 35 24 16 22 39 25 29 10 34 21 4 5 28 3 9 14 20 38 32 19 17 37 30 11 2 18 ],4
0.2,10,10,[ 16 17 13 32 11 22 6 15 33 29 7 2 18 23 27 34 35 26 10 9 37 25 8 24 1 31 3 28 12 5 19 20 4 38 21 36 30 14 39 ],6
0.2,10,10,[ 16 17 13 32 11 22 6 15 33 29 7 2 18 23 27 34 35 26 10 9 37 25 8 24 1 31 3 28 12 5 19 20 4 38 21 36 30 14 39 ],6
0.2,10,10,[ 16 17 13 32 11 22 6 15 33 29 7 2 18 23 27 34 35 26 10 9 37 25 8 24 1 31 3 28 12 5 19 20 4 38 21 36 30 14 39 ],6
0.2,10,10,[ 16 17 13 32 11 22 6 15 33 29 7 2 18 23 27 34 35 26 10 9 37 25 8 24 1 31 3 28 12 5 19 20 4 38 21 36 30 14 39 ],6
0.2,10,10,[ 16 17 13 32 11 22 6 15 33 29 7 2 18 23 27 34 35 26 10 9 37 25 8 24 1 31 3 28 12 5 19 20 4 38 21 36 30 14 39 ],6
0.2,10,10,[ 4 10 35 15 37 22 30 36 17 9 12 1 29 6 16 3 24 20 13 28 18 8 14 19 32 7 26 34 38 11 31 39 27 33 23 21 5 2 25 ],7
0.2,10,10,[ 4 10 35 15 37 22 30 36 17 9 12 1 29 6 16 3 24 20 13 28 18 8 14 19 32 7 26 34 38 11 31 39 27 33 23 21 5 2 25 ],7
0.2,10,10,[ 4 10 35 15 37 22 30 36 17 9 12 1 29 6 16 3 24 20 13 28 18 8 14 19 32 7 26 34 38 11 31 39 27 33 23 21 5 2 25 ],7
0.2,10,10,[ 4 10 35 15 37 22 30 36 17 9 12 1 29 6 16 3 24 20 13 28 18 8 14 19 32 7 26 34 38 11 31 39 27 33 23 21 5 2 25 ],7
0.2,50,10,[ 31 7 39 12 22 25 24 20 15 19 2 34 11 36 29 35 6 17 3 30 18 32 4 27 37 33 28 16 8 1 13 23 5 10 38 21 14 9 26 ],6
0.2,50,10,[ 28 6 13 14 30 15 1 29 16 2 21 37 39 10 19 26 31 24 5 17 32 22 11 36 27 20 18 38 34 8 23 12 3 35 7 33 9 25 4 ],7
0.2,50,10,[ 14 15 9 6 34 25 7 37 23 30 20 13 5 19 11 18 36 22 10 29 17 26 12 3 2 28 33 8 4 24 38 16 1 39 27 31 21 35 32 ],6
0.2,50,10,[ 23 26 21 28 19 33 17 10 20 16 25 3 24 4 38 1 12 11 18 39 36 37 22 5 6 30 27 15 32 31 9 29 13 8 2 34 7 35 14 ],6
0.2,50,10,[ 12 18 34 9 22 30 29 1 35 5 31 4 15 24 23 20 27 3 25 36 39 26 13 8 10 21 28 2 33 32 38 11 16 37 6 7 19 14 17 ],7
0.2,50,10,[ 19 2 29 25 23 26 28 20 32 21 13 9 8 3 10 33 31 24 6 11 7 37 4 18 15 14 17 1 12 38 30 39 16 27 35 22 36 5 34 ],7
0.2,50,10,[ 38 4 3 2 24 25 34 15 13 7 23 14 28 5 27 37 16 1 9 30 20 35 22 21 19 11 29 12 26 6 31 33 36 8 17 39 18 10 32 ],6
0.2,50,10,[ 27 15 36 19 38 6 26 3 37 13 29 33 34 2 18 11 25 16 31 35 23 32 24 21 12 14 20 28 39 5 4 8 10 1 9 22 7 30 17 ],7
0.2,50,10,[ 26 7 33 29 28 11 35 32 39 34 8 36 13 16 38 25 10 1 14 20 9 18 19 22 24 23 3 17 30 6 5 37 31 4 21 27 12 2 15 ],6
0.2,50,10,[ 5 15 9 27 8 24 13 12 38 30 7 2 18 21 20 3 6 29 1 14 39 34 33 28 23 35 11 25 4 37 16 22 31 10 17 36 26 32 19 ],7
0.2,100,10,[ 25 8 19 11 30 33 1 18 29 6 15 13 23 37 5 10 21 12 34 22 38 3 28 7 9 32 20 31 36 39 17 2 4 14 26 27 35 16 24 ],8
0.2,100,10,[ 17 25 13 6 28 1 4 2 7 35 36 24 15 8 37 9 18 3 32 38 27 39 19 31 21 20 16 23 29 5 12 11 34 30 22 33 26 10 14 ],7
0.2,100,10,[ 23 7 13 19 35 37 8 17 20 33 5 26 12 10 31 14 1 39 2 3 11 30 34 21 38 27 32 25 22 4 9 28 36 18 29 24 16 6 15 ],7
0.2,100,10,[ 12 27 26 11 13 25 7 37 16 21 17 39 15 33 6 28 8 29 4 1 18 31 14 19 36 35 22 10 24 23 30 20 5 38 32 9 34 3 2 ],6
0.2,100,10,[ 10 23 28 34 14 33 4 8 9 5 15 22 12 21 32 24 16 29 11 19 7 20 17 3 30 37 35 1 25 26 27 36 31 13 2 39 6 18 38 ],7
0.2,100,10,[ 33 26 31 17 29 20 9 12 35 19 2 3 39 23 32 21 10 15 5 37 24 28 36 7 18 22 1 30 25 16 14 27 11 6 34 4 13 8 38 ],9
0.2,100,10,[ 17 16 11 30 20 26 3 10 28 2 7 6 25 39 24 31 29 4 32 13 34 21 23 37 8 18 22 9 12 36 35 14 15 5 19 27 1 38 33 ],7
0.2,100,10,[ 36 13 3 37 33 17 7 2 39 6 14 27 16 19 34 31 10 38 30 22 32 26 23 15 25 18 24 11 1 4 5 20 9 12 28 29 8 21 35 ],7
0.2,100,10,[ 31 6 32 7 15 21 22 19 18 3 39 28 11 34 30 1 29 38 25 4 2 37 27 13 26 14 17 35 33 24 12 5 10 16 23 20 36 8 9 ],7
0.2,100,10,[ 20 3 17 23 39 36 33 12 21 28 11 9 19 22 34 18 8 35 10 26 38 30 31 6 2 25 27 4 16 29 7 24 13 5 32 37 14 15 1 ],7
0.25,10,10,[ 27 39 6 9 24 15 7 34 11 19 4 5 31 33 12 26 29 3 25 13 30 17 16 28 21 32 14 37 8 1 36 10 23 38 22 20 2 35 18 ],7
0.25,10,10,[ 13 14 9 24 23 26 30 28 34 16 10 12 38 37 5 36 8 4 35 25 7 2 20 19 17 15 11 29 21 1 31 18 22 27 39 3 33 6 32 ],6
0.25,10,10,[ 13 14 9 24 23 26 30 28 34 16 10 12 38 37 5 36 8 4 35 25 7 2 20 19 17 15 11 29 21 1 31 18 22 27 39 3 33 6 32 ],6
0.25,10,10,[ 13 14 9 24 23 26 30 28 34 16 10 12 38 37 5 36 8 4 35 25 7 2 20 19 17 15 11 29 21 1 31 18 22 27 39 3 33 6 32 ],6
0.25,10,10,[ 13 14 9 24 23 26 30 28 34 16 10 12 38 37 5 36 8 4 35 25 7 2 20 19 17 15 11 29 21 1 31 18 22 27 39 3 33 6 32 ],6
0.25,10,10,[ 4 15 39 25 27 16 5 31 32 28 10 6 17 26 21 38 22 2 19 24 37 7 14 8 23 20 12 1 11 34 35 33 13 29 36 3 30 9 18 ],6
0.25,10,10,[ 4 15 39 25 27 16 5 31 32 28 10 6 17 26 21 38 22 2 19 24 37 7 14 8 23 20 12 1 11 34 35 33 13 29 36 3 30 9 18 ],6
0.25,10,10,[ 4 15 39 25 27 16 5 31 32 28 10 6 17 26 21 38 22 2 19 24 37 7 14 8 23 20 12 1 11 34 35 33 13 29 36 3 30 9 18 ],6
0.25,10,10,[ 4 15 39 25 27 16 5 31 32 28 10 6 17 26 21 38 22 2 19 24 37 7 14 8 23 20 12 1 11 34 35 33 13 29 36 3 30 9 18 ],6
0.25,10,10,[ 35 22 1 25 13 8 15 6 33 39 36 19 5 4 14 23 11 16 27 28 29 34 17 32 9 37 12 3 24 21 2 38 18 26 7 31 20 30 10 ],6
0.25,50,10,[ 22 34 24 21 37 5 28 18 11 8 7 25 30 4 26 23 31 39 17 13 29 6 38 9 20 16 2 32 10 12 27 3 19 15 35 14 33 1 36 ],8
0.25,50,10,[ 20 5 11 26 24 38 1 23 21 16 17 10 29 6 14 4 30 2 36 33 28 7 34 19 37 31 13 25 9 8 15 12 39 22 35 27 3 18 32 ],8
0.25,50,10,[ 21 8 3 13 24 4 16 14 27 1 36 26 32 33 29 2 11 15 25 38 31 6 23 12 18 35 9 20 30 7 10 39 5 37 22 17 28 34 19 ],7
0.25,50,10,[ 9 27 21 17 31 22 34 19 18 11 23 32 20 29 30 1 15 7 16 26 25 36 10 12 4 13 14 28 24 39 38 33 2 3 37 8 35 5 6 ],8
0.25,50,10,[ 38 37 16 17 13 12 36 18 25 22 29 24 31 9 34 30 3 1 19 28 8 27 10 2 4 23 21 6 5 20 39 35 32 7 15 26 11 33 14 ],7
0.25,50,10,[ 15 9 1 37 17 34 31 33 25 4 30 16 20 13 19 18 24 11 3 39 22 8 2 35 7 23 5 27 29 38 10 36 32 28 21 26 12 14 6 ],7
0.25,50,10,[ 6 9 14 22 11 21 4 23 30 39 28 10 3 1 35 17 25 15 31 34 29 12 5 36 8 26 32 24 19 33 38 7 13 20 37 27 16 18 2 ],7
0.25,50,10,[ 28 11 36 23 18 38 6 14 31 34 39 17 25 2 22 16 37 32 7 3 8 33 24 4 15 20 30 5 13 35 9 19 21 10 1 27 12 26 29 ],7
0.25,50,10,[ 14 2 21 17 18 28 22 35 31 27 37 11 8 23 16 39 25 19 33 38 32 7 4 12 10 9 20 13 30 29 24 6 5 26 15 36 1 34 3 ],7
0.25,50,10,[ 33 3 8 9 23 18 6 29 34 31 7 5 19 16 22 39 28 35 25 13 32 21 15 27 24 36 20 12 26 2 37 17 4 11 38 30 1 10 14 ],7
0.25,100,10,[ 14 4 26 18 16 27 31 8 15 39 19 2 17 20 36 7 6 1 22 25 10 30 28 9 24 13 23 35 21 5 12 34 33 3 38 37 11 29 32 ],9
0.25,100,10,[ 10 15 39 3 36 28 34 22 37 9 25 20 27 32 11 7 33 4 23 21 30 13 35 8 19 12 16 29 26 1 24 14 18 31 5 2 38 17 6 ],8
0.25,100,10,[ 34 12 22 33 15 24 16 3 31 25 28 6 13 18 37 30 10 39 1 4 20 26 11 9 19 35 8 38 32 27 29 17 7 2 14 36 23 5 21 ],7
0.25,100,10,[ 24 21 2 27 20 6 26 4 28 10 13 17 29 22 25 5 11 3 14 15 35 36 31 19 16 37 23 32 7 8 1 34 12 18 38 9 33 30 39 ],7
0.25,100,10,[ 9 3 5 1 28 36 11 22 17 4 26 24 35 8 32 21 33 6 15 25 18 38 12 30 34 19 29 14 13 2 20 23 31 16 37 27 10 7 39 ],7
0.25,100,10,[ 19 16 15 26 33 28 8 32 27 10 24 13 21 31 6 37 3 9 34 38 14 7 12 39 36 29 5 23 22 11 25 18 2 17 35 4 30 20 1 ],8
0.25,100,10,[ 24 20 23 14 36 5 27 15 39 11 3 26 33 17 25 2 8 6 35 37 22 1 38 34 29 12 16 31 10 9 21 19 30 13 32 4 28 7 18 ],8
0.25,100,10,[ 31 35 9 3 12 6 16 7 23 2 22 17 27 38 36 19 8 11 28 32 25 34 26 29 15 24 30 5 14 39 4 21 13 20 33 18 1 10 37 ],7
0.25,100,10,[ 26 1 9 20 30 8 32 37 12 34 3 28 2 11 13 5 10 19 6 38 36 7 25 18 22 23 35 24 31 15 14 33 27 39 21 29 16 4 17 ],9
0.25,100,10,[ 13 11 39 28 10 26 9 6 32 14 36 1 25 3 23 27 29 37 5 7 2 17 35 4 12 18 8 19 33 34 22 20 21 38 15 31 16 30 24 ],8
0.3,10,10,[ 34 32 2 20 39 16 3 26 17 7 33 8 27 13 14 31 25 6 28 35 15 37 10 36 29 18 19 1 11 21 30 38 4 5 23 24 9 12 22 ],6
0.3,10,10,[ 14 30 2 39 38 34 22 9 24 31 3 6 15 28 35 4 21 23 11 37 36 26 18 16 12 13 29 20 5 1 32 33 7 10 27 19 8 17 25 ],6
0.3,10,10,[ 14 30 2 39 38 34 22 9 24 31 3 6 15 28 35 4 21 23 11 37 36 26 18 16 12 13 29 20 5 1 32 33 7 10 27 19 8 17 25 ],6
0.3,10,10,[ 14 30 2 39 38 34 22 9 24 31 3 6 15 28 35 4 21 23 11 37 36 26 18 16 12 13 29 20 5 1 32 33 7 10 27 19 8 17 25 ],6
0.3,10,10,[ 14 30 2 39 38 34 22 9 24 31 3 6 15 28 35 4 21 23 11 37 36 26 18 16 12 13 29 20 5 1 32 33 7 10 27 19 8 17 25 ],6
0.3,10,10,[ 14 30 2 39 38 34 22 9 24 31 3 6 15 28 35 4 21 23 11 37 36 26 18 16 12 13 29 20 5 1 32 33 7 10 27 19 8 17 25 ],6
0.3,10,10,[ 15 19 3 18 12 26 20 39 2 22 16 9 4 35 23 38 25 21 13 11 8 33 24 37 31 32 6 17 1 30 5 36 14 7 27 28 34 10 29 ],6
0.3,10,10,[ 15 19 3 18 12 26 20 39 2 22 16 9 4 35 23 38 25 21 13 11 8 33 24 37 31 32 6 17 1 30 5 36 14 7 27 28 34 10 29 ],6
0.3,10,10,[ 15 19 3 18 12 26 20 39 2 22 16 9 4 35 23 38 25 21 13 11 8 33 24 37 31 32 6 17 1 30 5 36 14 7 27 28 34 10 29 ],6
0.3,10,10,[ 15 19 3 18 12 26 20 39 2 22 16 9 4 35 23 38 25 21 13 11 8 33 24 37 31 32 6 17 1 30 5 36 14 7 27 28 34 10 29 ],6
0.3,50,10,[ 31 29 25 14 16 7 20 33 10 3 36 30 27 6 19 37 35 18 38 28 9 22 11 32 17 34 15 5 21 39 26 8 23 1 12 13 2 24 4 ],7
0.3,50,10,[ 17 13 14 18 22 9 11 15 27 1 28 26 12 16 39 3 32 2 31 23 25 37 30 4 6 33 34 21 20 38 19 10 36 24 7 29 5 35 8 ],8
0.3,50,10,[ 30 12 7 14 35 17 11 29 31 3 21 33 27 37 1 6 16 19 8 4 25 38 39 28 5 26 15 22 20 2 13 32 18 24 36 23 34 9 10 ],7
0.3,50,10,[ 27 23 21 29 13 9 14 36 7 31 16 32 22 11 1 34 15 38 24 17 39 5 8 6 26 30 10 20 12 35 19 3 28 18 33 37 25 4 2 ],8
0.3,50,10,[ 19 5 20 17 18 4 23 38 33 14 36 39 35 1 27 7 15 2 16 34 3 28 21 11 25 31 22 37 32 9 6 29 26 12 24 30 13 8 10 ],7
0.3,50,10,[ 35 8 1 27 24 23 9 2 22 12 21 32 39 7 20 26 5 17 29 30 11 16 36 13 34 33 37 19 15 3 10 38 31 6 28 25 14 18 4 ],7
0.3,50,10,[ 15 6 33 2 17 3 39 10 25 28 18 21 12 32 29 1 37 31 7 4 23 26 27 24 34 14 11 19 5 35 13 20 9 8 36 22 30 16 38 ],8
0.3,50,10,[ 28 14 17 6 22 3 4 8 29 16 1 34 31 32 20 37 2 11 23 36 38 24 19 9 7 39 12 26 10 13 30 33 18 35 27 5 25 15 21 ],8
0.3,50,10,[ 27 16 8 37 20 12 9 26 38 4 22 28 19 17 10 39 1 2 15 35 5 13 7 33 3 23 11 25 32 36 21 31 30 29 14 34 18 24 6 ],7
0.3,50,10,[ 1 2 15 21 30 38 13 17 19 8 29 24 39 20 5 3 14 25 4 32 10 7 31 26 28 33 34 11 22 23 9 35 36 16 6 27 18 37 12 ],7
0.3,100,10,[ 26 21 5 17 29 12 10 13 3 9 32 38 23 16 30 14 7 2 15 39 11 28 34 31 24 22 27 37 36 6 20 33 25 1 19 35 8 4 18 ],9
0.3,100,10,[ 22 1 33 23 18 3 5 31 13 32 26 39 24 38 11 25 28 35 17 19 12 9 10 14 27 20 7 15 36 4 29 6 21 37 2 16 30 34 8 ],8
0.3,100,10,[ 16 2 4 7 13 5 14 17 21 36 23 22 6 24 35 20 10 28 9 15 19 27 37 26 30 29 12 1 11 32 3 38 31 18 33 34 25 8 39 ],7
0.3,100,10,[ 17 3 15 33 26 5 12 11 18 4 22 29 39 14 21 8 24 23 32 38 16 19 34 27 1 37 36 20 28 6 9 2 30 35 10 25 7 31 13 ],8
0.3,100,10,[ 24 32 2 14 16 12 10 31 23 21 38 26 4 28 9 34 17 27 1 18 30 5 15 25 6 22 3 20 35 39 37 36 13 19 7 11 33 29 8 ],9
0.3,100,10,[ 2 8 37 26 23 29 7 34 28 21 9 10 39 38 5 4 20 14 6 30 33 17 19 13 1 25 12 32 15 11 35 31 16 36 27 22 3 18 24 ],8
0.3,100,10,[ 32 6 7 28 27 9 14 36 37 3 16 21 33 30 19 15 35 13 5 2 11 17 26 34 25 22 23 4 12 18 10 24 1 29 39 20 38 8 31 ],8
0.3,100,10,[ 11 7 16 22 19 28 10 23 33 27 4 17 18 3 38 5 13 39 6 12 9 8 36 29 25 32 30 14 2 35 24 21 20 26 15 34 1 37 31 ],8
0.3,100,10,[ 37 18 3 31 19 25 12 28 32 17 38 2 30 16 8 13 4 7 33 26 10 9 5 14 22 34 27 39 15 6 20 21 24 29 1 36 11 35 23 ],8
0.3,100,10,[ 13 8 12 10 35 5 37 2 19 31 14 36 3 33 24 4 18 32 20 6 22 25 26 39 30 28 16 34 27 23 7 9 11 15 38 21 29 17 1 ],8
0.35,10,10,[ 16 7 13 8 21 37 35 6 34 15 38 22 28 4 31 2 18 9 24 33 11 39 17 26 25 20 30 19 3 5 1 36 27 12 23 29 10 32 14 ],7
0.35,10,10,[ 16 7 13 8 21 37 35 6 34 15 38 22 28 4 31 2 18 9 24 33 11 39 17 26 25 20 30 19 3 5 1 36 27 12 23 29 10 32 14 ],7
0.35,10,10,[ 18 22 4 33 34 38 9 3 37 12 15 7 31 30 17 39 35 6 32 20 19 16 14 23 1 25 11 26 36 2 28 21 13 5 24 10 29 8 27 ],6
0.35,10,10,[ 18 22 4 33 34 38 9 3 37 12 15 7 31 30 17 39 35 6 32 20 19 16 14 23 1 25 11 26 36 2 28 21 13 5 24 10 29 8 27 ],6
0.35,10,10,[ 18 22 4 33 34 38 9 3 37 12 15 7 31 30 17 39 35 6 32 20 19 16 14 23 1 25 11 26 36 2 28 21 13 5 24 10 29 8 27 ],6
0.35,10,10,[ 18 22 4 33 34 38 9 3 37 12 15 7 31 30 17 39 35 6 32 20 19 16 14 23 1 25 11 26 36 2 28 21 13 5 24 10 29 8 27 ],6
0.35,10,10,[ 32 2 30 12 36 16 8 6 26 25 3 29 4 35 38 7 9 37 19 15 1 24 23 13 11 20 18 27 5 17 34 28 14 10 22 21 31 33 39 ],9
0.35,10,10,[ 32 2 30 12 36 16 8 6 26 25 3 29 4 35 38 7 9 37 19 15 1 24 23 13 11 20 18 27 5 17 34 28 14 10 22 21 31 33 39 ],9
0.35,10,10,[ 32 2 30 12 36 16 8 6 26 25 3 29 4 35 38 7 9 37 19 15 1 24 23 13 11 20 18 27 5 17 34 28 14 10 22 21 31 33 39 ],9
0.35,10,10,[ 32 2 30 12 36 16 8 6 26 25 3 29 4 35 38 7 9 37 19 15 1 24 23 13 11 20 18 27 5 17 34 28 14 10 22 21 31 33 39 ],9
0.35,50,10,[ 14 3 16 11 22 1 12 5 24 2 38 34 29 17 25 13 30 15 31 39 20 28 37 26 32 27 35 23 10 4 8 6 9 7 19 36 18 33 21 ],8
0.35,50,10,[ 31 9 6 4 24 13 8 27 23 32 19 25 22 17 2 37 16 10 36 30 3 18 15 39 11 21 28 20 12 5 38 1 33 26 35 29 14 7 34 ],8
0.35,50,10,[ 36 5 2 25 34 4 12 35 17 19 18 21 32 16 10 37 3 1 24 15 11 9 27 23 7 30 26 13 20 22 8 33 39 28 38 29 6 14 31 ],8
0.35,50,10,[ 26 19 24 38 36 17 34 7 37 16 32 25 5 27 31 12 1 35 10 9 30 28 39 3 11 15 33 23 18 14 29 22 2 13 4 8 20 21 6 ],8
0.35,50,10,[ 24 6 5 37 25 12 16 3 34 32 9 1 14 8 17 7 31 2 22 33 29 19 20 35 21 26 39 27 13 36 4 11 18 38 23 28 10 15 30 ],8
0.35,50,10,[ 18 14 5 32 27 38 29 7 31 6 1 15 26 10 23 22 35 3 36 19 13 20 34 25 12 39 4 30 2 9 17 16 24 8 21 37 11 33 28 ],7
0.35,50,10,[ 10 25 9 11 21 36 16 8 13 34 17 4 7 20 32 15 6 39 2 1 12 23 26 38 22 24 31 5 19 33 18 30 28 3 29 35 14 37 27 ],8
0.35,50,10,[ 20 25 3 4 21 38 10 29 14 12 34 19 33 9 13 1 39 2 17 36 16 15 22 35 24 31 26 18 23 5 8 27 30 37 11 32 6 28 7 ],7
0.35,50,10,[ 27 1 7 24 30 2 11 14 15 6 19 20 28 13 31 12 5 8 26 22 23 3 37 34 35 36 38 29 21 4 16 17 33 18 9 25 10 32 39 ],9
0.35,50,10,[ 33 17 35 2 31 14 9 8 27 1 37 29 32 39 28 13 6 3 16 24 22 25 23 15 19 20 36 21 30 7 5 34 12 4 18 26 10 38 11 ],8
0.35,100,10,[ 29 3 13 4 20 8 23 18 14 9 22 28 36 6 38 7 25 2 21 19 15 34 30 27 1 35 16 31 32 10 17 11 33 24 5 26 37 39 12 ],9
0.35,100,10,[ 25 17 7 5 29 1 12 3 37 2 27 33 28 23 19 9 21 18 8 30 24 16 20 26 10 35 36 22 32 13 11 31 14 38 15 34 6 39 4 ],9
0.35,100,10,[ 33 7 12 25 37 19 15 39 22 10 6 11 29 2 14 1 23 17 30 35 13 3 18 21 31 24 28 36 8 9 34 5 32 38 26 20 4 16 27 ],8
0.35,100,10,[ 30 8 14 12 17 18 32 39 19 15 2 37 35 13 25 7 22 4 21 27 11 29 23 5 28 24 20 36 38 1 10 33 34 9 26 31 3 6 16 ],8
0.35,100,10,[ 35 14 13 15 37 22 16 7 4 2 10 3 23 12 27 9 20 8 21 29 1 25 30 28 32 31 24 34 18 6 19 36 26 11 39 33 5 17 38 ],10
0.35,100,10,[ 16 39 35 21 19 37 36 27 5 12 15 7 20 30 3 31 28 2 26 23 32 11 6 10 22 14 1 13 8 38 24 17 18 25 34 9 33 4 29 ],8
0.35,100,10,[ 29 38 1 23 33 16 26 10 27 17 3 25 32 28 34 12 7 5 19 22 36 39 35 24 13 14 21 31 2 9 4 30 8 6 20 18 37 11 15 ],9
0.35,100,10,[ 39 4 6 15 14 17 10 31 13 32 2 26 12 21 7 23 20 24 34 33 22 3 5 27 30 35 38 9 29 25 19 8 1 28 18 37 11 36 16 ],9
0.35,100,10,[ 20 8 3 6 35 34 28 12 25 14 24 22 26 7 21 10 38 17 30 9 4 37 27 29 16 13 31 23 18 1 11 5 33 2 36 32 19 15 39 ],8
0.35,100,10,[ 29 6 15 34 36 17 12 2 21 19 3 25 39 13 33 11 5 4 35 20 14 24 32 26 8 27 23 31 7 18 16 22 30 1 28 38 10 9 37 ],8
0.4,10,10,[ 20 12 10 36 27 32 8 15 34 9 39 4 35 38 37 5 24 1 30 33 2 7 25 28 17 23 29 16 31 6 11 14 18 19 3 26 13 22 21 ],8
0.4,10,10,[ 7 19 27 37 21 36 34 24 38 26 2 17 11 18 10 29 28 22 32 13 30 6 14 8 20 16 1 12 5 31 25 4 9 23 33 3 35 15 39 ],9
0.4,10,10,[ 7 19 27 37 21 36 34 24 38 26 2 17 11 18 10 29 28 22 32 13 30 6 14 8 20 16 1 12 5 31 25 4 9 23 33 3 35 15 39 ],9
0.4,10,10,[ 7 19 27 37 21 36 34 24 38 26 2 17 11 18 10 29 28 22 32 13 30 6 14 8 20 16 1 12 5 31 25 4 9 23 33 3 35 15 39 ],9
0.4,10,10,[ 7 19 27 37 21 36 34 24 38 26 2 17 11 18 10 29 28 22 32 13 30 6 14 8 20 16 1 12 5 31 25 4 9 23 33 3 35 15 39 ],9
0.4,10,10,[ 7 19 27 37 21 36 34 24 38 26 2 17 11 18 10 29 28 22 32 13 30 6 14 8 20 16 1 12 5 31 25 4 9 23 33 3 35 15 39 ],9
0.4,10,10,[ 19 15 29 34 16 31 10 28 23 33 11 1 22 18 2 32 39 38 8 13 17 3 9 36 14 20 7 24 12 6 21 25 37 35 26 4 30 5 27 ],7
0.4,10,10,[ 19 15 29 34 16 31 10 28 23 33 11 1 22 18 2 32 39 38 8 13 17 3 9 36 14 20 7 24 12 6 21 25 37 35 26 4 30 5 27 ],7
0.4,10,10,[ 19 15 29 34 16 31 10 28 23 33 11 1 22 18 2 32 39 38 8 13 17 3 9 36 14 20 7 24 12 6 21 25 37 35 26 4 30 5 27 ],7
0.4,10,10,[ 19 15 29 34 16 31 10 28 23 33 11 1 22 18 2 32 39 38 8 13 17 3 9 36 14 20 7 24 12 6 21 25 37 35 26 4 30 5 27 ],7
0.4,50,10,[ 39 36 34 5 32 7 2 21 3 13 27 23 31 28 8 17 38 16 33 26 35 30 9 19 22 18 37 29 25 10 24 4 12 20 11 14 6 1 15 ],8
0.4,50,10,[ 33 32 34 18 20 12 11 24 23 16 39 21 29 35 14 28 17 10 27 22 30 5 7 9 37 25 36 19 38 8 31 1 4 26 15 13 2 6 3 ],8
0.4,50,10,[ 24 18 16 14 30 8 6 9 39 17 35 37 32 23 31 11 36 12 28 25 20 26 34 3 13 29 22 33 27 5 10 4 2 15 7 38 1 21 19 ],8
0.4,50,10,[ 39 9 2 33 21 13 32 1 31 12 26 38 36 11 27 7 28 4 34 23 6 24 19 30 14 17 25 35 37 8 10 18 22 15 5 29 3 20 16 ],9
0.4,50,10,[ 32 13 15 14 37 6 21 3 33 35 7 20 2 9 29 11 31 34 18 16 10 38 25 23 24 30 39 27 17 19 12 4 22 5 28 26 1 8 36 ],8
0.4,50,10,[ 12 16 15 26 30 33 37 38 32 6 5 2 23 9 19 28 27 8 34 36 11 18 14 29 22 24 10 20 7 4 3 17 25 31 21 35 1 13 39 ],7
0.4,50,10,[ 11 3 13 8 33 29 15 10 36 5 21 16 35 23 22 1 12 14 27 26 32 19 25 34 24 28 31 9 30 20 17 38 7 37 2 39 4 18 6 ],8
0.4,50,10,[ 35 3 5 17 31 7 8 1 37 2 24 33 23 14 36 39 6 38 11 19 16 29 20 25 15 18 10 26 34 12 9 27 28 21 4 22 30 32 13 ],8
0.4,50,10,[ 25 10 5 20 36 13 16 26 19 1 33 39 28 11 38 23 3 7 34 30 17 12 6 21 9 29 37 15 32 8 22 14 27 24 2 35 18 31 4 ],7
0.4,50,10,[ 5 28 34 3 26 24 35 12 17 9 15 6 33 32 27 16 25 2 22 18 20 38 37 19 31 23 8 29 7 14 21 11 1 13 30 10 36 4 39 ],8
0.4,100,10,[ 32 23 14 36 27 18 16 2 38 30 10 7 19 20 21 3 12 33 17 8 11 24 29 35 25 31 15 39 13 1 5 4 28 6 22 34 26 9 37 ],8
0.4,100,10,[ 25 5 11 26 14 1 16 30 37 22 33 39 3 18 12 6 13 32 10 15 38 17 21 28 24 29 31 19 20 36 9 23 8 27 4 34 2 35 7 ],9
0.4,100,10,[ 7 5 13 23 22 38 36 32 17 29 6 11 8 14 16 31 2 21 3 10 1 12 18 26 30 24 4 15 20 39 9 33 28 25 34 27 35 19 37 ],8
0.4,100,10,[ 32 1 12 37 36 15 13 16 18 10 7 5 35 17 33 2 23 21 39 38 22 26 30 24 31 28 29 19 11 9 3 4 6 14 34 27 8 20 25 ],10
0.4,100,10,[ 25 15 12 23 18 9 17 7 29 38 2 36 22 6 26 4 16 3 20 35 24 33 30 37 8 34 32 19 39 1 11 31 14 13 28 27 10 5 21 ],8
0.4,100,10,[ 27 17 11 1 21 4 37 9 38 30 22 32 5 23 35 18 3 24 13 34 25 26 31 29 8 19 28 7 20 39 16 36 14 15 33 2 12 6 10 ],8
0.4,100,10,[ 29 31 7 24 16 1 12 27 18 11 25 21 2 35 13 22 14 38 15 19 30 3 6 20 36 33 37 4 23 39 34 26 9 32 5 17 8 28 10 ],9
0.4,100,10,[ 30 13 9 39 23 16 10 4 34 2 33 36 20 1 32 7 3 5 19 29 8 25 28 22 11 35 37 27 38 12 18 31 24 14 6 26 17 21 15 ],8
0.4,100,10,[ 34 12 1 14 19 15 16 6 21 5 36 39 22 18 25 13 4 32 10 17 9 28 27 29 38 26 35 24 37 7 2 23 31 11 20 30 3 33 8 ],9
0.4,100,10,[ 29 33 7 21 32 11 12 39 19 16 25 38 36 31 10 28 24 13 27 30 22 6 17 37 9 34 20 1 35 14 26 3 4 23 2 15 5 18 8 ],8
0.45,10,10,[ 21 38 4 30 36 1 12 29 18 6 19 31 32 25 13 17 27 9 35 26 23 14 5 37 10 28 34 24 33 7 22 15 11 39 8 16 3 20 2 ],6
0.45,10,10,[ 14 13 16 36 31 33 8 23 22 9 2 15 26 7 10 25 39 5 24 21 20 6 4 3 32 28 11 18 35 1 17 12 34 37 19 29 38 30 27 ],7
0.45,10,10,[ 14 13 16 36 31 33 8 23 22 9 2 15 26 7 10 25 39 5 24 21 20 6 4 3 32 28 11 18 35 1 17 12 34 37 19 29 38 30 27 ],7
0.45,10,10,[ 14 13 16 36 31 33 8 23 22 9 2 15 26 7 10 25 39 5 24 21 20 6 4 3 32 28 11 18 35 1 17 12 34 37 19 29 38 30 27 ],7
0.45,10,10,[ 14 13 16 36 31 33 8 23 22 9 2 15 26 7 10 25 39 5 24 21 20 6 4 3 32 28 11 18 35 1 17 12 34 37 19 29 38 30 27 ],7
0.45,10,10,[ 17 14 23 4 19 33 26 39 24 27 37 6 10 13 12 30 1 34 7 16 2 20 9 8 3 15 38 18 35 29 22 21 32 36 11 31 5 28 25 ],8
0.45,10,10,[ 17 14 23 4 19 33 26 39 24 27 37 6 10 13 12 30 1 34 7 16 2 20 9 8 3 15 38 18 35 29 22 21 32 36 11 31 5 28 25 ],8
0.45,10,10,[ 17 14 23 4 19 33 26 39 24 27 37 6 10 13 12 30 1 34 7 16 2 20 9 8 3 15 38 18 35 29 22 21 32 36 11 31 5 28 25 ],8
0.45,10,10,[ 17 14 23 4 19 33 26 39 24 27 37 6 10 13 12 30 1 34 7 16 2 20 9 8 3 15 38 18 35 29 22 21 32 36 11 31 5 28 25 ],8
0.45,10,10,[ 17 14 23 4 19 33 26 39 24 27 37 6 10 13 12 30 1 34 7 16 2 20 9 8 3 15 38 18 35 29 22 21 32 36 11 31 5 28 25 ],8
0.45,50,10,[ 35 10 15 19 24 2 14 12 38 34 31 39 20 17 29 9 18 5 21 33 26 3 23 1 22 27 28 37 32 4 13 36 7 16 6 30 11 25 8 ],9
0.45,50,10,[ 27 16 5 33 29 10 11 34 26 14 36 38 25 18 19 32 28 2 24 31 17 8 15 23 4 21 1 22 30 3 6 12 37 35 9 39 13 20 7 ],9
0.45,50,10,[ 37 3 9 21 35 20 19 2 18 15 16 7 28 6 31 5 10 8 24 27 14 39 34 23 32 29 25 38 12 17 11 36 33 13 30 22 4 1 26 ],10
0.45,50,10,[ 39 16 6 35 33 12 8 14 32 37 29 34 7 9 27 3 10 38 15 19 5 24 26 25 17 20 21 31 30 18 4 28 22 13 1 36 2 23 11 ],10
0.45,50,10,[ 27 29 32 9 39 13 7 35 19 3 14 1 28 21 20 37 34 2 33 38 12 26 4 23 11 17 6 25 15 8 24 18 30 10 36 5 22 16 31 ],8
0.45,50,10,[ 23 7 9 29 22 5 10 38 39 15 32 35 30 4 13 24 37 6 31 28 33 16 8 26 11 20 1 36 25 12 21 17 19 27 3 34 14 18 2 ],10
0.45,50,10,[ 14 10 8 36 22 6 17 39 18 19 32 38 33 4 15 2 37 20 35 31 3 21 26 24 34 28 25 12 29 1 16 9 27 5 13 30 7 23 11 ],8
0.45,50,10,[ 23 4 20 10 30 7 19 3 38 8 37 22 35 16 27 12 18 14 25 29 11 24 33 6 15 34 21 31 39 9 17 36 28 2 13 32 5 26 1 ],9
0.45,50,10,[ 32 3 15 5 18 9 20 7 21 4 6 24 25 19 26 16 22 11 23 33 17 39 27 35 13 31 28 37 12 2 8 1 29 14 30 34 10 38 36 ],8
0.45,50,10,[ 13 21 15 12 29 26 3 18 36 35 2 11 7 16 31 32 10 34 9 17 33 27 1 30 22 25 14 24 4 39 19 20 8 6 23 37 28 5 38 ],8
0.45,100,10,[ 17 18 8 28 20 39 19 22 35 37 1 10 7 6 9 31 3 26 4 38 12 13 11 29 15 30 5 23 14 32 2 36 27 24 34 33 16 21 25 ],8
0.45,100,10,[ 36 14 6 21 22 11 7 5 23 34 32 27 19 12 33 8 3 4 28 35 17 39 31 24 38 29 30 20 26 2 10 16 37 15 1 25 13 18 9 ],9
0.45,100,10,[ 34 7 5 10 12 9 39 2 26 20 32 30 38 3 37 1 29 6 33 36 15 25 21 23 17 19 28 13 27 22 11 18 35 4 16 24 14 31 8 ],9
0.45,100,10,[ 13 11 3 37 28 24 36 7 32 39 14 10 26 16 29 5 4 1 30 35 27 25 21 23 17 22 34 19 18 2 8 15 6 12 33 38 9 20 31 ],10
0.45,100,10,[ 25 6 11 16 35 39 18 5 17 20 14 21 38 8 30 2 7 15 4 33 10 27 26 24 31 29 22 37 19 12 9 36 28 3 34 23 1 13 32 ],11
0.45,100,10,[ 1 10 2 7 30 24 33 15 20 4 16 8 27 5 37 11 25 14 31 26 19 28 32 23 36 18 22 35 6 17 21 3 39 13 29 38 12 9 34 ],10
0.45,100,10,[ 32 22 36 20 24 16 5 28 39 14 29 33 34 21 7 26 4 19 8 9 17 3 11 12 13 23 10 37 35 1 31 38 30 25 6 2 27 18 15 ],9
0.45,100,10,[ 13 17 11 36 31 38 29 6 34 14 10 7 39 5 37 3 32 9 33 27 2 19 35 28 22 20 26 16 8 4 21 18 23 1 24 30 15 12 25 ],9
0.45,100,10,[ 32 4 8 19 25 13 28 2 24 7 15 1 29 22 23 9 21 17 33 34 26 35 31 36 38 18 39 20 11 6 5 3 12 14 27 37 16 10 30 ],9
0.45,100,10,[ 2 8 12 31 35 22 5 32 24 26 1 11 3 39 7 17 37 20 30 33 21 14 4 38 15 28 36 27 13 16 18 10 9 23 34 29 19 6 25 ],9
0.5,10,10,[ 17 12 7 4 27 35 19 3 29 6 1 13 32 20 26 14 16 15 2 30 22 25 33 24 21 34 37 28 10 5 18 36 8 9 31 39 11 23 38 ],8
0.5,10,10,[ 17 12 7 4 27 35 19 3 29 6 1 13 32 20 26 14 16 15 2 30 22 25 33 24 21 34 37 28 10 5 18 36 8 9 31 39 11 23 38 ],8
0.5,10,10,[ 17 12 7 4 27 35 19 3 29 6 1 13 32 20 26 14 16 15 2 30 22 25 33 24 21 34 37 28 10 5 18 36 8 9 31 39 11 23 38 ],8
0.5,10,10,[ 17 12 7 4 27 35 19 3 29 6 1 13 32 20 26 14 16 15 2 30 22 25 33 24 21 34 37 28 10 5 18 36 8 9 31 39 11 23 38 ],8
0.5,10,10,[ 17 12 7 4 27 35 19 3 29 6 1 13 32 20 26 14 16 15 2 30 22 25 33 24 21 34 37 28 10 5 18 36 8 9 31 39 11 23 38 ],8
0.5,10,10,[ 27 6 8 32 30 2 5 4 28 15 35 39 34 7 24 3 37 18 29 26 11 16 23 21 17 20 10 22 31 9 12 13 33 36 1 25 38 14 19 ],5
0.5,10,10,[ 27 6 8 32 30 2 5 4 28 15 35 39 34 7 24 3 37 18 29 26 11 16 23 21 17 20 10 22 31 9 12 13 33 36 1 25 38 14 19 ],5
0.5,10,10,[ 27 6 8 32 30 2 5 4 28 15 35 39 34 7 24 3 37 18 29 26 11 16 23 21 17 20 10 22 31 9 12 13 33 36 1 25 38 14 19 ],5
0.5,10,10,[ 27 6 8 32 30 2 5 4 28 15 35 39 34 7 24 3 37 18 29 26 11 16 23 21 17 20 10 22 31 9 12 13 33 36 1 25 38 14 19 ],5
0.5,10,10,[ 11 8 14 15 20 33 18 1 24 26 9 3 12 19 31 10 16 27 13 4 21 38 25 28 34 29 35 17 5 30 2 36 7 6 37 39 23 22 32 ],7
0.5,50,10,[ 11 8 14 15 20 33 18 1 24 26 9 3 12 19 31 10 16 27 13 4 21 38 25 28 34 29 35 17 5 30 2 36 7 6 37 39 23 22 32 ],7
0.5,50,10,[ 29 16 14 25 23 7 11 35 36 6 39 33 22 15 17 28 32 3 31 38 8 9 10 24 20 30 5 19 27 2 21 12 26 34 13 37 18 4 1 ],9
0.5,50,10,[ 23 11 14 8 24 39 15 2 22 3 28 18 37 6 30 1 34 9 38 26 21 25 31 29 7 35 33 19 32 12 17 16 36 13 5 27 10 20 4 ],7
0.5,50,10,[ 22 7 34 19 36 5 14 4 29 15 27 28 30 11 31 6 35 13 33 39 10 37 25 12 21 23 32 18 24 9 2 3 38 20 8 26 17 16 1 ],8
0.5,50,10,[ 38 13 4 8 27 7 28 17 24 34 11 26 22 19 37 1 29 2 31 20 21 35 36 25 12 15 33 23 9 5 18 14 6 16 32 30 3 10 39 ],10
0.5,50,10,[ 35 10 38 16 29 9 7 12 23 37 31 25 22 14 28 11 15 39 18 17 8 32 27 20 6 21 34 24 33 1 3 30 36 13 2 26 4 19 5 ],9
0.5,50,10,[ 38 11 14 31 34 9 15 26 27 33 21 35 1 18 12 32 36 22 37 8 23 13 10 29 6 25 16 7 24 17 20 3 4 28 5 39 30 19 2 ],9
0.5,50,10,[ 34 1 35 15 36 14 5 12 27 4 26 38 32 24 30 8 28 10 37 23 18 31 33 9 19 20 29 21 39 13 2 17 6 22 11 16 7 25 3 ],7
0.5,50,10,[ 22 17 38 6 25 11 8 4 34 14 32 37 30 3 27 13 15 2 26 24 5 31 33 16 19 20 35 21 36 7 18 39 23 1 10 28 9 29 12 ],8
0.5,50,10,[ 25 12 11 27 35 2 16 9 20 5 39 34 37 18 30 6 26 17 29 38 28 19 23 32 7 24 31 21 36 13 15 3 8 4 14 33 1 22 10 ],8
0.5,100,10,[ 16 15 17 10 36 34 13 12 26 1 9 2 25 19 30 6 29 3 27 37 21 24 33 28 11 39 22 32 8 5 20 14 38 7 35 31 4 18 23 ],10
0.5,100,10,[ 16 8 14 19 24 36 20 3 29 1 10 9 27 37 39 23 31 2 21 26 4 38 33 35 18 28 34 15 6 7 12 11 17 5 32 25 13 22 30 ],8
0.5,100,10,[ 28 11 13 18 30 1 8 6 22 16 31 34 33 19 23 2 36 5 39 27 14 38 26 25 9 24 37 21 29 10 15 17 35 12 3 32 4 20 7 ],9
0.5,100,10,[ 31 30 13 29 21 10 15 22 20 26 37 32 9 19 4 27 17 28 14 11 3 8 6 35 12 24 7 16 36 39 23 38 33 25 1 2 34 18 5 ],8
0.5,100,10,[ 20 17 37 9 24 33 31 2 27 8 15 7 26 12 21 10 35 11 32 38 16 29 25 18 14 22 34 23 5 3 13 1 36 4 39 28 6 19 30 ],9
0.5,100,10,[ 38 7 10 18 31 8 5 20 36 6 33 27 30 13 37 11 22 19 35 29 14 32 39 28 16 21 34 24 26 12 9 1 25 17 4 23 3 15 2 ],10
0.5,100,10,[ 20 12 2 4 26 9 36 16 22 7 28 39 37 17 31 8 33 3 38 25 13 30 32 24 6 21 27 18 35 5 14 19 34 15 1 29 11 23 10 ],9
0.5,100,10,[ 19 16 6 14 28 3 5 10 37 11 39 33 35 15 26 4 29 1 36 25 7 24 32 23 21 20 30 22 31 9 17 13 27 2 18 34 8 38 12 ],8
0.5,100,10,[ 20 17 2 13 34 9 18 14 37 7 23 33 38 4 29 11 28 16 39 35 12 31 27 21 24 26 32 19 15 1 5 6 22 10 36 30 8 25 3 ],8
0.5,100,10,[ 38 12 9 13 35 2 10 16 26 11 25 33 31 5 29 3 8 1 22 21 19 27 36 30 15 20 23 32 28 17 18 37 34 14 4 39 6 24 7 ],8
0.55,10,10,[ 8 30 13 32 23 29 14 22 20 31 11 5 15 6 9 35 16 33 3 4 10 1 2 27 7 36 12 21 17 38 18 24 34 25 37 39 28 19 26 ],8
0.55,10,10,[ 37 7 31 9 36 12 11 15 20 5 38 28 39 16 35 14 33 3 30 32 17 25 29 10 8 22 34 21 27 1 18 13 26 19 6 24 2 23 4 ],6
0.55,10,10,[ 37 7 31 9 36 12 11 15 20 5 38 28 39 16 35 14 33 3 30 32 17 25 29 10 8 22 34 21 27 1 18 13 26 19 6 24 2 23 4 ],6
0.55,10,10,[ 37 7 31 9 36 12 11 15 20 5 38 28 39 16 35 14 33 3 30 32 17 25 29 10 8 22 34 21 27 1 18 13 26 19 6 24 2 23 4 ],6
0.55,10,10,[ 37 7 31 9 36 12 11 15 20 5 38 28 39 16 35 14 33 3 30 32 17 25 29 10 8 22 34 21 27 1 18 13 26 19 6 24 2 23 4 ],6
0.55,10,10,[ 16 18 2 14 28 34 17 9 38 13 1 4 36 15 31 3 33 5 27 32 6 29 23 24 22 35 37 21 10 8 12 19 26 11 39 30 7 20 25 ],8
0.55,10,10,[ 16 18 2 14 28 34 17 9 38 13 1 4 36 15 31 3 33 5 27 32 6 29 23 24 22 35 37 21 10 8 12 19 26 11 39 30 7 20 25 ],8
0.55,10,10,[ 16 18 2 14 28 34 17 9 38 13 1 4 36 15 31 3 33 5 27 32 6 29 23 24 22 35 37 21 10 8 12 19 26 11 39 30 7 20 25 ],8
0.55,10,10,[ 16 18 2 14 28 34 17 9 38 13 1 4 36 15 31 3 33 5 27 32 6 29 23 24 22 35 37 21 10 8 12 19 26 11 39 30 7 20 25 ],8
0.55,10,10,[ 21 18 37 7 27 6 34 4 39 14 23 30 29 35 31 10 38 3 33 32 12 28 26 15 17 24 25 16 13 5 20 11 22 9 36 8 2 19 1 ],6
0.55,50,10,[ 21 18 37 7 27 6 34 4 39 14 23 30 29 35 31 10 38 3 33 32 12 28 26 15 17 24 25 16 13 5 20 11 22 9 36 8 2 19 1 ],6
0.55,50,10,[ 11 19 4 9 27 38 17 5 39 6 7 12 24 22 26 10 33 2 37 36 20 23 34 28 25 30 32 21 14 1 18 13 8 3 31 35 16 15 29 ],10
0.55,50,10,[ 12 16 10 4 33 37 19 13 39 9 14 8 32 2 28 6 25 15 26 24 36 22 35 38 21 27 31 18 5 3 20 7 23 1 29 34 11 17 30 ],8
0.55,50,10,[ 28 8 7 3 24 12 15 1 21 11 39 34 36 20 32 14 25 16 31 33 17 35 38 26 6 27 30 22 29 10 23 4 9 18 2 37 5 19 13 ],8
0.55,50,10,[ 25 9 15 2 24 11 19 1 20 12 38 30 28 16 21 13 36 5 31 26 17 22 39 35 7 37 33 23 29 8 18 14 3 32 4 34 6 27 10 ],9
0.55,50,10,[ 20 15 8 9 25 10 13 5 37 14 28 30 32 17 39 7 34 16 31 36 18 26 35 24 22 27 29 19 38 1 21 3 6 2 11 33 4 23 12 ],9
0.55,50,10,[ 4 38 37 9 24 35 5 14 25 1 12 7 36 20 29 6 27 17 33 26 19 39 30 3 16 22 32 21 15 11 18 10 31 13 34 2 8 23 28 ],6
0.55,50,10,[ 23 16 15 3 24 12 9 10 29 4 34 33 32 20 39 7 36 14 28 31 22 21 37 27 19 38 26 17 30 6 18 5 11 1 13 35 2 25 8 ],9
0.55,50,10,[ 10 17 8 35 23 37 18 1 34 6 4 13 39 14 27 3 31 20 30 36 12 25 21 32 16 26 38 24 5 2 7 11 22 9 28 33 15 19 29 ],8
0.55,50,10,[ 31 3 1 34 32 13 9 6 23 16 37 28 39 8 22 4 38 17 26 29 19 15 24 27 11 20 36 18 30 10 14 5 33 35 2 25 12 21 7 ],8
0.55,100,10,[ 5 8 17 19 37 26 22 4 28 11 2 10 38 21 25 12 3 15 1 30 23 36 33 35 18 32 24 34 7 16 20 29 9 6 31 39 14 13 27 ],10
0.55,100,10,[ 11 13 9 24 36 29 12 18 26 2 3 4 39 20 35 5 32 16 31 38 21 6 28 25 15 30 34 22 8 1 14 7 10 19 33 37 17 23 27 ],9
0.55,100,10,[ 19 12 4 30 26 6 37 31 33 8 28 36 39 1 5 38 29 2 25 22 13 15 17 20 18 24 14 23 32 7 9 10 21 34 3 27 35 16 11 ],8
0.55,100,10,[ 21 12 16 7 22 36 18 14 26 4 9 6 33 1 38 8 23 2 34 24 15 28 31 32 37 35 29 19 10 3 17 13 39 11 30 27 5 20 25 ],10
0.55,100,10,[ 30 31 5 23 33 3 15 35 19 16 29 37 38 27 6 32 39 17 36 2 20 11 9 26 7 24 10 18 34 8 25 1 4 22 13 14 28 21 12 ],8
0.55,100,10,[ 19 8 20 1 28 32 22 9 31 15 7 4 36 18 25 2 35 5 34 39 23 26 30 33 21 38 27 13 11 3 14 16 6 10 29 37 12 17 24 ],10
0.55,100,10,[ 16 10 7 18 28 27 17 11 31 3 15 2 29 1 35 13 14 5 25 26 4 39 36 24 20 30 32 21 9 6 22 38 23 8 34 37 12 19 33 ],8
0.55,100,10,[ 25 13 33 26 23 7 5 37 28 30 38 31 16 6 11 34 8 24 3 4 2 1 15 12 18 21 9 19 29 39 32 36 17 27 10 22 35 20 14 ],8
0.55,100,10,[ 22 9 15 30 35 38 18 36 19 6 37 5 28 12 16 1 26 17 31 27 13 14 23 4 2 39 34 20 33 7 3 8 32 29 11 25 10 21 24 ],9
0.55,100,10,[ 24 7 5 38 22 9 12 34 23 1 33 30 28 18 15 16 20 14 31 35 17 11 3 27 10 25 39 29 26 6 19 4 37 36 2 32 8 21 13 ],10
0.6,10,10,[ 10 16 18 15 29 32 23 8 2 9 14 13 26 17 34 3 33 6 37 36 19 28 27 7 20 35 39 21 1 4 12 24 30 11 31 25 5 22 38 ],6
0.6,10,10,[ 26 11 38 18 17 9 7 1 22 8 28 32 29 13 25 14 36 2 37 27 16 39 35 19 31 24 34 20 33 4 15 10 30 12 6 23 5 21 3 ],6
0.6,10,10,[ 26 11 38 18 17 9 7 1 22 8 28 32 29 13 25 14 36 2 37 27 16 39 35 19 31 24 34 20 33 4 15 10 30 12 6 23 5 21 3 ],6
0.6,10,10,[ 26 11 38 18 17 9 7 1 22 8 28 32 29 13 25 14 36 2 37 27 16 39 35 19 31 24 34 20 33 4 15 10 30 12 6 23 5 21 3 ],6
0.6,10,10,[ 26 11 38 18 17 9 7 1 22 8 28 32 29 13 25 14 36 2 37 27 16 39 35 19 31 24 34 20 33 4 15 10 30 12 6 23 5 21 3 ],6
0.6,10,10,[ 18 1 5 13 37 30 20 10 25 12 15 2 38 24 29 3 31 4 35 27 23 36 26 28 16 32 33 22 9 8 6 14 17 11 34 19 7 21 39 ],5
0.6,10,10,[ 18 1 5 13 37 30 20 10 25 12 15 2 38 24 29 3 31 4 35 27 23 36 26 28 16 32 33 22 9 8 6 14 17 11 34 19 7 21 39 ],5
0.6,10,10,[ 18 1 5 13 37 30 20 10 25 12 15 2 38 24 29 3 31 4 35 27 23 36 26 28 16 32 33 22 9 8 6 14 17 11 34 19 7 21 39 ],5
0.6,10,10,[ 18 1 5 13 37 30 20 10 25 12 15 2 38 24 29 3 31 4 35 27 23 36 26 28 16 32 33 22 9 8 6 14 17 11 34 19 7 21 39 ],5
0.6,10,10,[ 18 7 10 12 32 37 20 3 24 5 8 6 38 16 39 1 36 2 27 34 19 33 25 26 17 28 35 22 4 11 13 9 30 15 29 23 14 21 31 ],6
0.6,50,10,[ 20 16 11 39 30 37 17 8 28 6 4 2 32 13 27 7 29 12 38 35 14 25 34 26 18 24 33 22 9 10 15 1 21 3 31 23 5 19 36 ],7
0.6,50,10,[ 31 11 15 22 24 9 17 21 29 8 32 30 36 18 2 14 37 1 33 34 12 10 3 25 16 27 38 26 35 6 19 13 39 23 5 28 7 20 4 ],9
0.6,50,10,[ 19 5 8 11 33 2 10 14 23 9 39 32 28 20 31 16 37 17 26 35 21 30 36 27 3 25 34 24 29 6 18 1 13 15 4 38 7 22 12 ],7
0.6,50,10,[ 21 14 12 23 38 35 15 11 31 9 5 2 26 4 39 7 33 8 37 29 25 3 36 30 19 27 34 24 13 1 6 20 17 16 32 22 10 18 28 ],8
0.6,50,10,[ 35 19 1 17 34 14 18 8 32 6 37 31 39 24 23 7 28 11 36 33 30 26 38 22 20 25 27 16 29 9 2 3 15 4 13 12 5 21 10 ],7
0.6,50,10,[ 24 6 7 15 36 12 33 5 17 2 35 31 38 16 29 3 37 1 27 34 18 39 26 22 25 20 30 19 32 9 13 8 28 4 14 23 11 21 10 ],7
0.6,50,10,[ 17 13 11 12 39 32 21 9 24 5 4 8 29 18 25 3 37 2 27 35 19 30 28 26 16 31 36 23 1 7 20 14 10 6 33 34 15 22 38 ],8
0.6,50,10,[ 1 5 18 15 26 32 20 6 24 9 7 2 35 19 29 3 30 12 28 25 22 33 27 31 16 38 36 23 13 10 17 4 8 14 37 39 11 21 34 ],8
0.6,50,10,[ 16 15 8 5 31 35 14 1 29 25 2 10 39 19 26 13 28 3 34 30 17 27 37 24 18 23 38 21 4 6 22 12 9 11 33 32 7 20 36 ],8
0.6,50,10,[ 16 15 5 4 25 37 13 10 24 2 9 11 39 17 33 14 29 3 32 27 19 30 34 26 7 23 36 22 12 1 18 21 38 6 35 31 8 20 28 ],8
0.6,100,10,[ 16 17 1 12 27 34 29 6 3 2 14 11 28 19 23 5 35 4 38 26 20 32 30 22 13 21 37 24 9 7 15 25 31 8 39 33 10 18 36 ],8
0.6,100,10,[ 19 15 2 6 25 38 16 13 35 1 4 14 30 11 32 8 28 3 29 31 10 39 37 23 21 26 34 24 7 9 20 17 22 12 27 33 5 18 36 ],9
0.6,100,10,[ 23 11 3 15 28 1 10 5 32 8 25 24 26 18 37 7 29 13 38 30 20 36 35 27 21 34 31 22 17 6 19 4 9 14 39 33 12 16 2 ],9
0.6,100,10,[ 22 7 5 6 30 36 31 14 34 2 16 9 35 11 33 4 25 12 28 32 10 26 38 23 20 21 29 19 3 8 17 1 24 13 37 27 15 18 39 ],10
0.6,100,10,[ 19 17 6 11 31 39 12 2 34 3 9 10 26 18 29 5 36 1 25 28 20 32 30 27 23 24 33 21 14 8 16 13 7 15 38 35 4 22 37 ],11
0.6,100,10,[ 24 5 15 13 27 38 17 7 21 14 4 6 39 8 35 9 23 16 31 25 22 36 30 37 2 33 29 20 10 3 18 1 34 12 32 28 11 19 26 ],9
0.6,100,10,[ 20 3 12 2 32 6 19 9 25 11 30 38 39 21 29 4 7 15 1 36 18 27 24 33 14 28 31 23 34 13 17 26 35 16 5 37 8 22 10 ],7
0.6,100,10,[ 7 33 39 35 24 30 17 27 22 26 11 9 5 21 1 28 4 37 12 13 19 3 8 16 32 25 2 20 10 38 23 29 6 18 36 14 31 15 34 ],7
0.6,100,10,[ 19 17 10 1 24 3 20 12 25 11 26 27 38 18 31 4 29 6 32 28 16 39 34 37 14 35 30 21 33 9 15 13 8 23 5 36 7 22 2 ],7
0.6,100,10,[ 25 16 15 14 24 5 18 10 32 7 28 27 37 19 33 11 26 13 38 35 22 36 31 39 21 34 30 20 29 2 8 4 12 17 6 1 9 23 3 ],7
0.65,10,10,[ 34 8 9 16 28 10 5 11 18 13 29 30 37 15 38 3 33 7 36 31 17 32 26 23 25 22 39 20 35 4 14 27 24 12 2 21 6 19 1 ],6
0.65,10,10,[ 27 14 6 16 26 3 15 11 23 2 35 34 39 19 28 4 31 13 36 30 21 37 29 25 5 22 32 24 38 8 17 1 12 18 10 33 9 20 7 ],7
0.65,10,10,[ 27 14 6 16 26 3 15 11 23 2 35 34 39 19 28 4 31 13 36 30 21 37 29 25 5 22 32 24 38 8 17 1 12 18 10 33 9 20 7 ],7
0.65,10,10,[ 27 14 6 16 26 3 15 11 23 2 35 34 39 19 28 4 31 13 36 30 21 37 29 25 5 22 32 24 38 8 17 1 12 18 10 33 9 20 7 ],7
0.65,10,10,[ 27 14 6 16 26 3 15 11 23 2 35 34 39 19 28 4 31 13 36 30 21 37 29 25 5 22 32 24 38 8 17 1 12 18 10 33 9 20 7 ],7
0.65,10,10,[ 27 14 6 16 26 3 15 11 23 2 35 34 39 19 28 4 31 13 36 30 21 37 29 25 5 22 32 24 38 8 17 1 12 18 10 33 9 20 7 ],7
0.65,10,10,[ 30 14 17 5 39 7 18 4 3 10 34 38 37 13 31 6 27 20 32 33 15 21 29 26 16 25 35 24 36 9 19 2 22 1 11 28 12 23 8 ],7
0.65,10,10,[ 30 14 17 5 39 7 18 4 3 10 34 38 37 13 31 6 27 20 32 33 15 21 29 26 16 25 35 24 36 9 19 2 22 1 11 28 12 23 8 ],7
0.65,10,10,[ 30 14 17 5 39 7 18 4 3 10 34 38 37 13 31 6 27 20 32 33 15 21 29 26 16 25 35 24 36 9 19 2 22 1 11 28 12 23 8 ],7
0.65,10,10,[ 30 14 17 5 39 7 18 4 3 10 34 38 37 13 31 6 27 20 32 33 15 21 29 26 16 25 35 24 36 9 19 2 22 1 11 28 12 23 8 ],7
0.65,50,10,[ 23 12 5 4 32 1 17 7 24 10 31 33 30 20 28 14 35 2 37 29 19 26 38 27 16 25 39 22 36 11 18 15 9 13 3 34 8 21 6 ],8
0.65,50,10,[ 25 17 12 10 36 1 6 13 30 3 34 28 31 11 26 5 35 16 37 32 14 27 33 24 19 21 38 18 39 8 20 9 23 15 4 29 7 22 2 ],7
0.65,50,10,[ 34 16 15 11 36 10 17 6 25 9 26 39 38 20 24 7 27 12 31 30 22 32 35 23 14 29 28 19 37 13 18 2 4 8 1 33 5 21 3 ],6
0.65,50,10,[ 18 15 7 14 39 37 17 1 23 3 8 13 36 22 27 10 29 4 35 28 24 32 30 26 16 25 38 20 5 11 19 12 6 2 31 34 9 21 33 ],7
0.65,50,10,[ 18 7 6 13 30 3 16 2 21 8 34 36 35 17 29 4 33 9 39 28 20 31 26 23 10 27 38 22 37 5 15 25 32 14 1 24 11 19 12 ],7
0.65,50,10,[ 17 18 4 11 28 1 23 7 33 12 34 27 36 6 26 3 37 13 38 30 14 25 24 35 21 31 32 19 39 8 15 2 22 16 5 29 10 20 9 ],8
0.65,50,10,[ 25 17 1 5 34 12 15 9 36 6 38 35 31 16 39 7 27 11 33 37 14 20 29 26 18 22 30 21 32 4 19 3 23 2 10 28 13 24 8 ],7
0.65,50,10,[ 22 11 9 16 39 37 18 1 21 8 3 7 38 15 28 12 27 6 29 26 17 30 35 24 14 34 33 23 10 2 5 20 31 13 36 25 4 19 32 ],7
0.65,50,10,[ 24 17 15 5 39 35 16 2 6 1 7 8 30 18 26 9 33 3 38 31 19 23 36 27 22 25 37 21 4 12 20 13 29 10 34 28 11 14 32 ],8
0.65,50,10,[ 22 14 4 13 26 38 19 9 24 6 11 5 36 15 29 12 27 21 34 28 17 33 30 39 16 32 31 23 8 7 18 2 1 3 35 25 10 20 37 ],7
0.65,100,10,[ 28 14 3 4 27 7 6 15 23 5 35 31 30 12 34 13 37 1 33 29 19 25 38 24 16 22 36 20 39 10 17 9 32 18 8 26 11 21 2 ],7
0.65,100,10,[ 23 8 9 12 37 35 16 1 15 3 2 7 28 17 29 6 31 4 39 36 19 32 30 21 27 24 33 22 11 5 18 13 26 14 34 25 10 20 38 ],7
0.65,100,10,[ 20 6 4 8 31 2 16 14 24 11 39 36 30 17 37 13 38 9 29 28 21 27 34 23 15 26 35 22 32 5 10 1 33 19 3 25 7 18 12 ],8
0.65,100,10,[ 18 15 1 7 23 3 14 9 34 8 39 28 37 16 36 12 32 2 35 27 17 26 30 29 22 24 38 20 31 6 19 11 25 5 13 33 4 21 10 ],8
0.65,100,10,[ 20 17 3 12 22 34 13 1 37 10 9 8 29 16 27 4 33 2 39 31 15 36 38 26 21 25 32 23 11 5 19 14 24 6 30 28 7 18 35 ],8
0.65,100,10,[ 32 2 7 11 27 8 15 6 10 12 34 29 36 17 31 4 30 3 39 37 16 35 28 23 22 24 38 20 33 1 19 13 25 18 9 26 14 21 5 ],7
0.65,100,10,[ 21 14 8 7 26 6 15 13 37 10 27 39 36 16 33 11 28 12 38 29 19 24 34 23 20 25 35 22 32 2 17 5 30 9 1 31 4 18 3 ],7
0.65,100,10,[ 15 20 16 13 32 36 17 3 33 11 6 7 34 22 35 12 29 1 27 28 25 38 39 26 19 24 37 23 8 5 18 9 14 4 31 2 10 21 30 ],7
0.65,100,10,[ 13 16 18 15 27 34 14 3 4 8 11 7 30 12 23 2 31 10 38 39 17 32 29 25 22 33 37 21 6 5 19 24 28 1 36 26 9 20 35 ],7
0.65,100,10,[ 22 16 5 13 30 3 12 6 28 4 33 27 32 18 26 11 37 23 35 39 15 29 38 24 17 25 31 19 36 9 21 8 1 2 10 34 14 20 7 ],8
0.7,10,10,[ 24 10 13 14 31 6 17 12 23 1 36 38 30 19 27 4 33 16 35 28 21 32 34 25 15 26 37 18 39 9 20 7 2 3 11 29 8 22 5 ],8
0.7,10,10,[ 24 10 13 14 31 6 17 12 23 1 36 38 30 19 27 4 33 16 35 28 21 32 34 25 15 26 37 18 39 9 20 7 2 3 11 29 8 22 5 ],8
0.7,10,10,[ 38 14 15 5 32 2 19 8 6 1 39 30 33 16 34 11 37 4 29 27 13 35 31 23 18 26 28 21 36 7 17 12 24 22 9 25 10 20 3 ],7
0.7,10,10,[ 38 14 15 5 32 2 19 8 6 1 39 30 33 16 34 11 37 4 29 27 13 35 31 23 18 26 28 21 36 7 17 12 24 22 9 25 10 20 3 ],7
0.7,10,10,[ 38 14 15 5 32 2 19 8 6 1 39 30 33 16 34 11 37 4 29 27 13 35 31 23 18 26 28 21 36 7 17 12 24 22 9 25 10 20 3 ],7
0.7,10,10,[ 38 14 15 5 32 2 19 8 6 1 39 30 33 16 34 11 37 4 29 27 13 35 31 23 18 26 28 21 36 7 17 12 24 22 9 25 10 20 3 ],7
0.7,10,10,[ 20 15 16 5 33 39 19 10 27 2 7 4 34 14 32 1 37 22 30 31 11 26 24 25 9 29 36 23 12 3 17 8 21 13 38 28 6 18 35 ],6
0.7,10,10,[ 20 15 16 5 33 39 19 10 27 2 7 4 34 14 32 1 37 22 30 31 11 26 24 25 9 29 36 23 12 3 17 8 21 13 38 28 6 18 35 ],6
0.7,10,10,[ 20 15 16 5 33 39 19 10 27 2 7 4 34 14 32 1 37 22 30 31 11 26 24 25 9 29 36 23 12 3 17 8 21 13 38 28 6 18 35 ],6
0.7,10,10,[ 20 15 16 5 33 39 19 10 27 2 7 4 34 14 32 1 37 22 30 31 11 26 24 25 9 29 36 23 12 3 17 8 21 13 38 28 6 18 35 ],6
0.7,50,10,[ 37 13 14 12 33 4 17 7 21 5 35 30 34 18 26 8 31 1 32 39 19 23 38 25 6 24 36 22 28 3 16 10 29 15 2 27 11 20 9 ],7
0.7,50,10,[ 30 14 9 8 20 2 16 11 36 7 32 29 37 18 25 1 38 10 35 39 17 24 34 26 22 23 31 21 33 6 15 3 27 13 5 28 12 19 4 ],7
0.7,50,10,[ 38 11 13 15 29 3 17 8 4 9 37 34 32 16 33 2 35 6 39 36 12 28 27 25 18 23 26 20 31 10 19 24 22 14 1 30 5 21 7 ],6
0.7,50,10,[ 21 9 15 13 35 12 19 3 38 6 34 39 37 18 26 2 29 11 31 32 16 24 23 27 17 30 36 22 33 8 14 5 25 1 7 28 10 20 4 ],6
0.7,50,10,[ 18 14 10 17 27 35 16 2 31 9 6 4 30 13 39 5 28 8 33 36 11 37 34 24 22 25 38 23 7 3 19 1 21 15 32 26 12 20 29 ],7
0.7,50,10,[ 19 9 14 13 35 37 15 12 23 10 2 7 34 16 26 6 38 21 29 32 18 24 39 28 4 27 36 22 5 1 17 8 30 3 33 25 11 20 31 ],7
0.7,50,10,[ 19 15 14 22 30 37 18 5 7 1 8 2 39 16 27 10 36 3 31 26 17 33 29 24 23 35 32 21 12 4 13 11 28 9 38 25 6 20 34 ],8
0.7,50,10,[ 23 13 14 5 32 39 16 8 6 11 1 12 37 15 36 4 38 10 30 31 17 27 29 33 20 26 35 22 9 7 18 21 24 3 28 25 2 19 34 ],7
0.7,50,10,[ 23 9 14 15 37 6 18 10 29 2 38 34 30 13 26 11 31 17 39 32 12 24 35 28 16 25 36 20 33 5 19 7 21 1 8 27 3 22 4 ],7
0.7,50,10,[ 36 12 16 24 28 9 13 1 4 5 38 33 30 15 39 2 37 21 35 34 14 11 29 25 18 27 31 20 32 8 17 10 23 19 7 26 6 22 3 ],8
0.7,100,10,[ 22 13 12 19 38 32 14 1 6 3 8 2 31 17 26 10 35 4 37 28 16 36 30 24 27 23 33 20 7 9 18 11 25 15 39 29 5 21 34 ],7
0.7,100,10,[ 33 16 14 13 29 3 19 2 27 5 37 32 30 12 23 8 31 6 35 39 15 22 38 25 18 26 36 17 34 7 20 21 4 1 11 28 10 24 9 ],7
0.7,100,10,[ 20 9 8 15 29 33 16 14 19 11 5 6 35 17 38 13 36 1 34 31 18 37 32 23 27 25 28 21 3 7 2 12 26 10 39 24 4 22 30 ],7
0.7,100,10,[ 22 8 14 12 35 38 18 11 24 3 6 9 33 7 26 10 30 20 31 39 23 25 28 27 16 29 36 21 5 1 17 2 15 4 34 32 13 19 37 ],8
0.7,100,10,[ 17 15 4 9 21 39 13 11 23 7 5 3 31 16 28 12 36 1 32 38 18 24 37 25 34 26 33 22 8 2 20 10 30 6 35 27 14 19 29 ],7
0.7,100,10,[ 21 14 13 15 27 36 16 1 31 9 5 7 29 17 23 4 34 2 37 32 12 28 39 26 20 25 38 22 11 3 19 10 24 6 35 30 8 18 33 ],7
0.7,100,10,[ 35 13 11 12 31 8 15 9 6 10 39 37 32 17 27 5 34 21 33 30 16 24 38 28 19 23 36 22 29 4 18 2 26 14 3 25 1 20 7 ],7
0.7,100,10,[ 22 16 10 13 39 31 28 8 2 9 6 1 29 17 38 5 32 3 35 37 14 25 34 24 18 20 36 23 4 7 19 12 26 15 30 27 11 21 33 ],8
0.7,100,10,[ 29 15 9 13 39 2 14 5 7 1 36 34 33 16 28 8 26 11 37 32 17 35 30 22 19 24 31 21 38 12 18 3 27 20 10 25 6 23 4 ],7
0.7,100,10,[ 36 9 12 14 38 8 1 7 23 11 34 33 35 18 25 4 30 17 29 39 19 27 24 28 15 22 37 21 32 3 16 5 31 2 10 26 13 20 6 ],8
0.75,10,10,[ 12 16 14 13 34 36 26 8 6 1 2 9 35 17 28 10 31 23 32 37 15 29 30 24 18 21 38 19 7 3 20 4 27 5 39 25 11 22 33 ],5
0.75,10,10,[ 12 16 14 13 34 36 26 8 6 1 2 9 35 17 28 10 31 23 32 37 15 29 30 24 18 21 38 19 7 3 20 4 27 5 39 25 11 22 33 ],5
0.75,10,10,[ 23 15 14 8 34 36 19 11 1 9 2 7 35 16 27 12 32 3 31 39 17 25 33 29 18 26 38 22 6 4 21 10 24 5 30 28 13 20 37 ],7
0.75,10,10,[ 23 15 14 8 34 36 19 11 1 9 2 7 35 16 27 12 32 3 31 39 17 25 33 29 18 26 38 22 6 4 21 10 24 5 30 28 13 20 37 ],7
0.75,10,10,[ 23 15 14 8 34 36 19 11 1 9 2 7 35 16 27 12 32 3 31 39 17 25 33 29 18 26 38 22 6 4 21 10 24 5 30 28 13 20 37 ],7
0.75,10,10,[ 23 15 14 8 34 36 19 11 1 9 2 7 35 16 27 12 32 3 31 39 17 25 33 29 18 26 38 22 6 4 21 10 24 5 30 28 13 20 37 ],7
0.75,10,10,[ 29 15 14 9 32 6 16 13 25 4 33 39 38 12 28 11 35 21 30 37 17 24 31 26 19 22 36 23 34 3 18 7 5 10 2 27 1 20 8 ],6
0.75,10,10,[ 29 15 14 9 32 6 16 13 25 4 33 39 38 12 28 11 35 21 30 37 17 24 31 26 19 22 36 23 34 3 18 7 5 10 2 27 1 20 8 ],6
0.75,10,10,[ 29 15 14 9 32 6 16 13 25 4 33 39 38 12 28 11 35 21 30 37 17 24 31 26 19 22 36 23 34 3 18 7 5 10 2 27 1 20 8 ],6
0.75,10,10,[ 29 15 14 9 32 6 16 13 25 4 33 39 38 12 28 11 35 21 30 37 17 24 31 26 19 22 36 23 34 3 18 7 5 10 2 27 1 20 8 ],6
0.75,50,10,[ 14 16 10 12 33 37 18 11 8 9 5 4 36 17 38 1 34 22 35 39 15 26 29 25 20 28 30 23 6 7 19 3 24 13 32 27 2 21 31 ],7
0.75,50,10,[ 17 15 10 14 34 35 18 6 8 2 7 5 30 16 24 4 38 22 37 36 13 29 31 27 25 26 39 19 3 1 21 9 23 12 32 28 11 20 33 ],7
0.75,50,10,[ 13 16 9 12 35 22 17 6 37 5 4 3 39 15 36 10 33 1 31 29 18 25 30 24 20 26 34 23 8 2 19 11 28 14 38 27 7 21 32 ],8
0.75,50,10,[ 29 12 11 13 31 7 15 14 3 4 36 38 35 17 33 1 32 5 39 34 16 27 28 23 20 24 37 22 30 6 18 21 25 10 2 26 9 19 8 ],8
0.75,50,10,[ 18 9 12 13 34 35 22 8 2 5 6 3 30 15 26 11 37 7 39 33 17 29 28 27 24 31 38 20 4 1 16 19 25 10 36 23 14 21 32 ],7
0.75,50,10,[ 31 12 14 11 34 4 19 2 1 10 32 38 39 16 23 8 33 7 30 36 15 25 37 24 17 28 29 18 35 6 20 21 26 13 5 27 3 22 9 ],7
0.75,50,10,[ 19 12 14 10 28 39 15 11 1 8 9 7 36 17 35 2 37 3 33 29 16 30 32 25 23 24 31 21 4 5 18 22 26 13 38 27 6 20 34 ],9
0.75,50,10,[ 22 14 10 11 31 39 16 15 3 1 7 6 30 13 37 2 35 21 32 34 18 28 33 24 23 27 29 20 5 8 17 9 26 12 38 25 4 19 36 ],8
0.75,50,10,[ 18 14 9 12 30 1 15 4 6 3 38 34 33 16 26 10 32 7 35 39 17 27 36 24 19 29 37 21 31 8 20 23 25 13 5 28 11 22 2 ],8
0.75,50,10,[ 20 16 12 13 37 38 21 11 6 3 2 9 35 15 27 8 39 24 31 34 14 25 29 26 19 28 36 23 4 5 18 1 22 7 33 30 10 17 32 ],7
0.75,100,10,[ 32 15 11 12 35 2 19 3 5 10 34 30 37 16 26 4 39 20 33 38 14 27 36 23 22 28 29 18 31 8 17 9 24 13 1 25 6 21 7 ],8
0.75,100,10,[ 13 12 15 14 30 39 18 6 1 4 8 3 37 17 27 10 29 22 38 33 16 32 36 26 21 25 31 23 2 5 20 7 24 9 35 28 11 19 34 ],7
0.75,100,10,[ 20 10 12 14 38 2 16 13 1 4 39 30 32 11 34 5 35 21 29 36 18 33 28 25 23 27 37 22 31 9 17 3 26 15 6 24 7 19 8 ],7
0.75,100,10,[ 23 10 14 7 34 1 19 13 24 8 33 36 31 16 26 12 32 21 35 39 15 29 38 25 17 28 30 20 37 5 18 3 6 11 2 27 4 22 9 ],7
0.75,100,10,[ 20 13 14 11 32 36 16 4 3 6 9 2 35 12 33 5 34 7 31 37 18 30 28 24 23 25 29 21 8 1 17 22 27 15 39 26 10 19 38 ],8
0.75,100,10,[ 25 10 12 15 32 5 19 14 24 8 36 38 31 16 33 1 39 22 37 29 13 35 30 23 17 27 28 21 34 2 18 9 6 11 3 26 4 20 7 ],7
0.75,100,10,[ 31 13 12 10 35 4 15 14 5 8 33 36 34 17 29 3 30 7 39 37 16 24 28 26 19 23 32 22 38 9 18 21 25 11 1 27 2 20 6 ],8
0.75,100,10,[ 2 12 13 11 34 35 16 14 5 1 8 7 33 17 37 3 32 10 36 31 18 27 29 28 23 24 30 22 4 9 19 21 25 15 38 26 6 20 39 ],7
0.75,100,10,[ 17 16 10 12 36 35 21 11 6 5 4 2 32 15 28 8 37 23 38 39 14 26 27 25 20 31 34 22 3 7 19 1 24 9 33 29 13 18 30 ],8
0.75,100,10,[ 22 12 10 14 21 2 15 5 34 7 36 38 29 17 27 9 30 1 37 35 16 33 31 32 23 25 28 20 39 3 18 8 24 13 6 26 11 19 4 ],7
0.8,10,10,[ 23 14 15 10 33 35 18 13 4 7 6 5 32 17 29 9 38 1 37 39 16 30 27 26 20 24 31 22 2 3 19 8 25 12 34 28 11 21 36 ],6
0.8,10,10,[ 22 15 11 12 31 3 17 5 2 8 38 33 35 16 30 10 32 23 34 36 14 26 29 28 20 25 37 21 39 6 19 9 24 13 1 27 4 18 7 ],8
0.8,10,10,[ 22 15 11 12 31 3 17 5 2 8 38 33 35 16 30 10 32 23 34 36 14 26 29 28 20 25 37 21 39 6 19 9 24 13 1 27 4 18 7 ],8
0.8,10,10,[ 22 15 11 12 31 3 17 5 2 8 38 33 35 16 30 10 32 23 34 36 14 26 29 28 20 25 37 21 39 6 19 9 24 13 1 27 4 18 7 ],8
0.8,10,10,[ 22 15 11 12 31 3 17 5 2 8 38 33 35 16 30 10 32 23 34 36 14 26 29 28 20 25 37 21 39 6 19 9 24 13 1 27 4 18 7 ],8
0.8,10,10,[ 23 8 10 12 39 5 19 11 27 1 32 36 34 15 33 2 31 16 38 35 14 26 30 25 18 28 29 22 37 6 17 9 21 13 7 24 4 20 3 ],6
0.8,10,10,[ 23 8 10 12 39 5 19 11 27 1 32 36 34 15 33 2 31 16 38 35 14 26 30 25 18 28 29 22 37 6 17 9 21 13 7 24 4 20 3 ],6
0.8,10,10,[ 23 8 10 12 39 5 19 11 27 1 32 36 34 15 33 2 31 16 38 35 14 26 30 25 18 28 29 22 37 6 17 9 21 13 7 24 4 20 3 ],6
0.8,10,10,[ 23 8 10 12 39 5 19 11 27 1 32 36 34 15 33 2 31 16 38 35 14 26 30 25 18 28 29 22 37 6 17 9 21 13 7 24 4 20 3 ],6
0.8,10,10,[ 24 12 13 14 23 5 15 8 33 6 34 38 32 16 28 9 31 1 39 36 17 29 35 27 20 22 30 21 37 3 18 10 26 11 2 25 4 19 7 ],7
0.8,50,10,[ 24 12 13 14 23 5 15 8 33 6 34 38 32 16 28 9 31 1 39 36 17 29 35 27 20 22 30 21 37 3 18 10 26 11 2 25 4 19 7 ],7
0.8,50,10,[ 17 12 15 14 32 39 20 10 2 4 5 3 34 13 27 9 31 8 37 36 16 26 30 29 19 28 38 24 6 1 18 22 23 7 35 25 11 21 33 ],7
0.8,50,10,[ 37 11 14 13 36 7 19 12 3 4 38 34 35 16 26 10 39 22 32 30 15 25 31 27 18 28 29 20 33 6 17 1 23 9 2 24 8 21 5 ],7
0.8,50,10,[ 21 14 9 13 37 4 15 8 1 2 36 38 35 17 28 11 39 23 34 30 16 32 31 24 19 27 29 22 33 7 18 5 25 10 3 26 12 20 6 ],7
0.8,50,10,[ 32 13 14 10 37 4 16 12 6 3 39 36 30 15 26 11 33 22 31 35 17 25 34 28 18 23 29 21 38 5 19 1 24 9 2 27 8 20 7 ],7
0.8,50,10,[ 19 11 13 14 32 36 18 10 1 2 5 4 39 16 30 12 31 7 34 33 15 27 29 28 20 26 37 22 6 3 17 23 24 8 35 25 9 21 38 ],8
0.8,50,10,[ 34 15 13 9 39 6 17 7 2 4 33 37 30 16 27 10 32 22 31 35 14 25 29 24 20 28 36 21 38 5 19 1 23 11 3 26 12 18 8 ],7
0.8,50,10,[ 20 13 11 10 23 37 16 14 32 5 6 4 33 15 30 12 39 1 36 31 17 27 35 26 21 25 29 22 2 7 19 8 24 9 38 28 3 18 34 ],7
0.8,50,10,[ 17 13 12 14 35 36 21 11 4 8 6 1 34 16 30 5 39 22 38 31 15 27 26 29 20 28 37 24 7 3 18 9 23 10 33 25 2 19 32 ],7
0.8,50,10,[ 16 12 13 11 21 37 19 4 33 8 3 5 39 15 27 10 34 1 32 31 17 28 29 24 23 30 38 20 2 6 18 9 26 14 35 25 7 22 36 ],7
0.8,100,10,[ 19 15 12 10 36 37 18 8 7 6 4 2 33 16 28 11 35 23 34 39 14 31 29 27 20 26 30 22 5 3 17 1 24 13 38 25 9 21 32 ],8
0.8,100,10,[ 21 12 14 13 34 39 17 9 5 2 3 4 36 15 28 6 35 11 33 38 16 30 27 29 20 25 31 22 1 7 18 23 24 10 32 26 8 19 37 ],7
0.8,100,10,[ 16 13 14 10 22 38 18 9 34 3 6 7 37 17 35 11 30 1 39 29 15 25 32 26 23 28 31 21 5 2 19 8 24 12 33 27 4 20 36 ],7
0.8,100,10,[ 21 15 9 13 22 39 16 7 34 4 3 6 36 14 28 8 37 2 31 38 17 33 29 27 20 24 30 23 5 1 18 10 26 12 32 25 11 19 35 ],7
0.8,100,10,[ 22 15 12 11 39 37 17 9 5 2 3 4 38 16 28 14 30 8 31 33 18 32 29 26 21 24 36 23 6 7 19 1 25 13 34 27 10 20 35 ],7
0.8,100,10,[ 19 12 15 13 34 39 21 5 2 4 6 1 37 14 27 9 32 8 36 33 17 28 26 30 20 29 35 22 7 3 16 23 25 11 38 24 10 18 31 ],8
0.8,100,10,[ 19 15 12 13 33 37 20 4 5 2 3 6 36 16 30 8 39 23 34 38 14 26 28 25 21 29 31 22 7 1 18 9 24 11 32 27 10 17 35 ],8
0.8,100,10,[ 21 13 14 10 32 39 18 11 3 2 7 8 38 16 35 9 36 4 37 29 17 28 30 25 19 27 31 23 6 5 15 22 26 12 34 24 1 20 33 ],8
0.8,100,10,[ 19 15 13 9 39 37 18 12 7 3 6 8 36 16 30 10 32 23 35 38 14 28 27 31 20 25 29 22 1 4 17 5 24 11 34 26 2 21 33 ],7
0.8,100,10,[ 29 14 11 13 34 3 19 12 6 5 35 37 39 16 31 9 38 21 32 28 15 27 30 23 18 26 33 22 36 4 17 2 25 8 1 24 10 20 7 ],7
0.85,10,10,[ 26 15 11 13 37 3 18 6 7 1 39 36 34 14 29 8 33 23 35 31 16 28 32 27 17 24 30 20 38 4 19 10 22 12 5 25 9 21 2 ],6
0.85,10,10,[ 22 16 14 11 39 37 19 8 7 2 5 4 38 15 27 12 33 1 31 32 18 28 29 30 21 26 36 23 3 6 17 10 25 13 34 24 9 20 35 ],7
0.85,10,10,[ 22 16 14 11 39 37 19 8 7 2 5 4 38 15 27 12 33 1 31 32 18 28 29 30 21 26 36 23 3 6 17 10 25 13 34 24 9 20 35 ],7
0.85,10,10,[ 22 16 14 11 39 37 19 8 7 2 5 4 38 15 27 12 33 1 31 32 18 28 29 30 21 26 36 23 3 6 17 10 25 13 34 24 9 20 35 ],7
0.85,10,10,[ 22 16 14 11 39 37 19 8 7 2 5 4 38 15 27 12 33 1 31 32 18 28 29 30 21 26 36 23 3 6 17 10 25 13 34 24 9 20 35 ],7
0.85,10,10,[ 10 14 15 11 34 39 18 13 7 6 5 3 36 16 31 9 38 23 35 32 17 28 30 26 21 25 29 22 4 1 19 2 24 12 37 27 8 20 33 ],7
0.85,10,10,[ 10 14 15 11 34 39 18 13 7 6 5 3 36 16 31 9 38 23 35 32 17 28 30 26 21 25 29 22 4 1 19 2 24 12 37 27 8 20 33 ],7
0.85,10,10,[ 10 14 15 11 34 39 18 13 7 6 5 3 36 16 31 9 38 23 35 32 17 28 30 26 21 25 29 22 4 1 19 2 24 12 37 27 8 20 33 ],7
0.85,10,10,[ 10 14 15 11 34 39 18 13 7 6 5 3 36 16 31 9 38 23 35 32 17 28 30 26 21 25 29 22 4 1 19 2 24 12 37 27 8 20 33 ],7
0.85,10,10,[ 27 15 11 13 22 3 16 7 38 4 36 35 37 14 30 8 34 1 33 29 17 28 32 26 19 25 31 20 39 5 18 9 23 12 6 24 10 21 2 ],6
0.85,50,10,[ 28 13 14 10 34 2 19 11 5 3 38 37 36 16 33 12 32 22 39 29 15 25 30 27 18 26 31 20 35 7 17 8 23 9 1 24 4 21 6 ],7
0.85,50,10,[ 23 14 15 11 39 37 18 12 8 5 2 3 35 17 31 7 34 1 32 30 16 27 29 28 21 26 33 22 6 4 19 9 24 13 36 25 10 20 38 ],6
0.85,50,10,[ 23 13 12 14 33 4 18 10 29 5 38 39 31 8 28 9 32 2 36 34 15 26 30 27 20 25 35 21 37 1 17 11 22 16 6 24 7 19 3 ],7
0.85,50,10,[ 22 15 13 11 35 4 16 8 7 5 38 36 37 14 28 10 30 23 39 32 17 29 33 25 19 26 31 21 34 1 18 2 24 12 3 27 9 20 6 ],7
0.85,50,10,[ 18 15 12 10 33 38 19 11 7 6 5 3 36 14 31 8 37 1 34 29 17 26 32 28 21 27 30 22 4 2 16 23 24 13 39 25 9 20 35 ],7
0.85,50,10,[ 24 16 12 14 36 38 18 8 7 2 3 4 39 15 30 11 34 1 32 33 17 28 31 27 21 26 29 22 5 6 19 10 23 13 35 25 9 20 37 ],6
0.85,50,10,[ 18 12 14 11 23 38 20 7 33 5 3 6 35 16 30 10 37 1 32 31 15 26 29 27 19 28 36 22 2 4 17 9 24 13 34 25 8 21 39 ],8
0.85,50,10,[ 20 13 14 11 24 37 18 12 36 4 5 2 38 16 29 8 31 1 33 32 15 26 34 27 21 25 30 22 3 6 19 9 23 10 35 28 7 17 39 ],7
0.85,50,10,[ 20 12 14 13 34 3 19 11 5 8 39 35 38 15 32 6 37 22 33 31 17 27 30 28 18 26 29 21 36 7 16 4 25 10 2 24 9 23 1 ],7
0.85,50,10,[ 19 14 11 13 22 1 18 8 39 4 35 37 33 16 27 12 34 2 31 32 15 28 29 30 20 26 36 23 38 5 17 9 25 10 3 24 7 21 6 ],7
0.85,100,10,[ 21 15 13 10 39 3 17 9 6 7 34 37 31 14 27 12 36 23 32 33 16 29 30 28 19 26 35 20 38 1 18 8 24 11 2 25 4 22 5 ],7
0.85,100,10,[ 24 13 14 10 39 3 18 12 4 5 35 37 36 16 28 6 33 8 32 31 15 30 27 29 20 26 34 21 38 7 17 22 23 11 1 25 9 19 2 ],7
0.85,100,10,[ 23 16 12 13 35 34 19 10 5 7 1 4 38 15 29 9 33 2 32 31 18 28 27 24 21 30 36 22 6 3 17 11 26 14 39 25 8 20 37 ],8
0.85,100,10,[ 22 16 14 13 33 36 19 10 1 7 5 3 37 15 27 11 32 2 34 31 18 29 30 28 21 26 35 23 6 4 17 9 25 12 39 24 8 20 38 ],7
0.85,100,10,[ 23 14 11 13 36 1 18 12 24 4 35 38 39 16 29 5 33 9 32 31 15 27 34 26 17 25 30 20 37 2 19 22 8 10 3 28 7 21 6 ],7
0.85,100,10,[ 16 14 11 13 38 39 18 10 7 5 1 6 32 15 29 9 33 23 37 31 17 28 34 24 21 27 30 22 4 2 19 8 25 12 36 26 3 20 35 ],7
0.85,100,10,[ 20 12 13 14 37 3 16 8 26 7 34 39 33 15 28 11 32 24 38 36 17 31 30 25 19 23 29 22 35 2 18 9 6 10 1 27 4 21 5 ],7
0.85,100,10,[ 16 13 12 14 36 38 18 9 4 5 6 3 39 15 29 8 32 23 31 33 17 30 28 26 21 25 34 22 1 7 19 2 24 11 35 27 10 20 37 ],7
0.85,100,10,[ 21 14 15 12 35 39 19 9 3 4 1 2 38 13 28 11 30 23 32 31 17 26 34 29 20 27 33 22 5 6 18 7 24 8 36 25 10 16 37 ],7
0.85,100,10,[ 39 15 13 10 36 6 18 12 8 5 32 38 37 14 28 9 34 21 31 35 17 30 27 25 19 26 29 20 33 2 16 7 24 11 1 23 4 22 3 ],7
0.9,10,10,[ 15 14 13 12 39 38 19 9 7 2 1 4 33 16 29 11 35 23 34 30 17 27 32 28 21 26 31 22 5 3 18 8 24 10 37 25 6 20 36 ],7
0.9,10,10,[ 31 13 14 11 36 2 17 8 7 6 39 38 35 15 28 9 33 23 34 32 16 27 29 25 19 26 30 20 37 1 18 5 22 12 4 24 10 21 3 ],6
0.9,10,10,[ 31 13 14 11 36 2 17 8 7 6 39 38 35 15 28 9 33 23 34 32 16 27 29 25 19 26 30 20 37 1 18 5 22 12 4 24 10 21 3 ],6
0.9,10,10,[ 31 13 14 11 36 2 17 8 7 6 39 38 35 15 28 9 33 23 34 32 16 27 29 25 19 26 30 20 37 1 18 5 22 12 4 24 10 21 3 ],6
0.9,10,10,[ 31 13 14 11 36 2 17 8 7 6 39 38 35 15 28 9 33 23 34 32 16 27 29 25 19 26 30 20 37 1 18 5 22 12 4 24 10 21 3 ],6
0.9,10,10,[ 18 13 14 11 38 39 19 8 6 7 3 4 33 15 30 9 34 24 35 32 16 28 29 26 21 27 31 22 2 1 17 5 23 12 36 25 10 20 37 ],7
0.9,10,10,[ 18 13 14 11 38 39 19 8 6 7 3 4 33 15 30 9 34 24 35 32 16 28 29 26 21 27 31 22 2 1 17 5 23 12 36 25 10 20 37 ],7
0.9,10,10,[ 18 13 14 11 38 39 19 8 6 7 3 4 33 15 30 9 34 24 35 32 16 28 29 26 21 27 31 22 2 1 17 5 23 12 36 25 10 20 37 ],7
0.9,10,10,[ 18 13 14 11 38 39 19 8 6 7 3 4 33 15 30 9 34 24 35 32 16 28 29 26 21 27 31 22 2 1 17 5 23 12 36 25 10 20 37 ],7
0.9,10,10,[ 14 15 13 11 35 39 20 8 5 6 2 3 38 16 27 10 34 24 32 31 17 29 30 28 21 26 33 22 1 4 18 9 23 12 37 25 7 19 36 ],6
0.9,50,10,[ 17 14 13 12 39 38 19 10 7 2 1 4 33 16 30 9 32 8 35 34 15 27 29 25 21 28 31 22 3 5 18 24 23 11 37 26 6 20 36 ],7
0.9,50,10,[ 22 13 14 11 38 2 17 9 5 7 35 39 34 15 31 10 36 23 33 30 16 27 29 28 19 26 32 21 37 3 18 8 24 12 1 25 6 20 4 ],7
0.9,50,10,[ 28 13 14 12 38 3 18 8 6 2 37 39 34 15 29 10 35 22 33 30 16 26 32 27 19 25 31 20 36 5 17 9 23 11 4 24 7 21 1 ],7
0.9,50,10,[ 18 14 13 12 37 39 19 8 7 2 5 1 38 15 30 9 33 24 32 34 16 27 31 28 21 26 29 22 3 4 17 6 23 11 36 25 10 20 35 ],7
0.9,50,10,[ 19 13 14 12 39 38 20 10 5 7 4 2 35 16 30 9 34 24 32 31 15 27 29 25 21 28 33 22 3 1 18 8 23 11 36 26 6 17 37 ],7
0.9,50,10,[ 22 14 12 13 39 3 17 8 6 2 38 36 34 15 29 10 32 23 35 31 16 27 30 28 19 26 33 21 37 5 18 9 24 11 1 25 7 20 4 ],7
0.9,50,10,[ 18 15 12 13 35 38 19 10 7 8 3 4 36 14 29 11 34 25 33 32 16 28 31 26 21 27 30 22 2 1 17 6 23 9 37 24 5 20 39 ],7
0.9,50,10,[ 20 13 14 11 34 2 18 8 4 6 39 36 35 15 28 10 31 7 37 33 16 29 32 27 19 26 30 21 38 5 17 23 24 12 1 25 9 22 3 ],8
0.9,50,10,[ 26 14 12 13 35 1 18 9 3 6 36 39 38 15 28 11 31 22 34 33 16 29 32 27 19 25 30 20 37 5 17 8 23 10 2 24 7 21 4 ],7
0.9,50,10,[ 18 13 14 12 39 37 19 8 3 6 2 4 34 15 30 9 35 23 32 31 16 29 28 27 21 26 33 22 1 5 17 7 25 11 38 24 10 20 36 ],7
0.9,100,10,[ 18 13 14 11 38 39 19 8 5 7 3 2 34 15 30 9 33 6 35 31 16 28 29 26 21 27 32 22 4 1 17 25 23 12 36 24 10 20 37 ],7
0.9,100,10,[ 18 13 14 12 37 39 19 9 5 8 3 2 38 15 29 11 32 7 33 34 16 28 31 27 21 26 30 22 4 1 17 23 25 10 35 24 6 20 36 ],7
0.9,100,10,[ 22 13 14 12 37 2 17 8 5 6 35 39 38 16 28 10 33 7 32 34 15 29 30 27 19 25 31 20 36 1 18 24 23 11 3 26 9 21 4 ],7
0.9,100,10,[ 18 14 12 13 34 38 19 10 3 6 4 2 35 15 29 7 31 23 37 33 16 27 32 28 21 26 30 22 1 5 17 8 24 11 39 25 9 20 36 ],7
0.9,100,10,[ 20 13 14 12 39 1 17 9 6 5 37 38 34 15 30 8 32 24 35 31 16 28 29 27 19 26 33 21 36 7 18 4 23 11 2 25 10 22 3 ],7
0.9,100,10,[ 21 13 14 11 39 2 18 8 3 4 36 37 35 16 28 10 34 24 31 32 15 29 30 25 19 27 33 20 38 6 17 7 23 12 5 26 9 22 1 ],7
0.9,100,10,[ 22 13 14 11 36 1 17 8 6 2 39 37 38 15 27 10 34 7 32 31 16 29 30 28 19 26 33 20 35 3 18 24 23 12 5 25 9 21 4 ],7
0.9,100,10,[ 17 14 12 13 39 38 19 8 6 5 2 4 32 15 27 10 33 24 35 34 16 28 31 26 21 29 30 22 3 1 18 7 23 11 36 25 9 20 37 ],7
0.9,100,10,[ 23 15 12 13 38 3 18 10 27 2 37 39 33 14 29 9 35 8 34 31 16 28 32 26 19 25 30 21 36 5 17 22 7 11 4 24 6 20 1 ],7
0.9,100,10,[ 23 13 14 11 39 3 18 8 27 7 37 38 33 15 28 9 34 22 35 30 16 29 32 26 19 25 31 20 36 1 17 5 6 12 2 24 10 21 4 ],7
0.95,10,10,[ 9 15 14 13 36 39 20 10 5 6 1 2 35 16 29 11 33 25 34 32 17 28 30 26 21 27 31 22 4 3 18 8 23 12 37 24 7 19 38 ],6
0.95,10,10,[ 23 14 13 12 36 2 18 9 5 6 38 39 35 15 29 10 33 25 34 32 16 28 30 26 19 27 31 20 37 3 17 8 22 11 4 24 7 21 1 ],6
0.95,10,10,[ 23 14 13 12 36 2 18 9 5 6 38 39 35 15 29 10 33 25 34 32 16 28 30 26 19 27 31 20 37 3 17 8 22 11 4 24 7 21 1 ],6
0.95,10,10,[ 23 14 13 12 36 2 18 9 5 6 38 39 35 15 29 10 33 25 34 32 16 28 30 26 19 27 31 20 37 3 17 8 22 11 4 24 7 21 1 ],6
0.95,10,10,[ 23 14 13 12 36 2 18 9 5 6 38 39 35 15 29 10 33 25 34 32 16 28 30 26 19 27 31 20 37 3 17 8 22 11 4 24 7 21 1 ],6
0.95,10,10,[ 20 14 13 12 37 39 19 9 6 4 1 2 35 15 29 10 34 24 33 31 16 28 30 27 21 26 32 22 3 5 17 8 23 11 36 25 7 18 38 ],7
0.95,10,10,[ 20 14 13 12 37 39 19 9 6 4 1 2 35 15 29 10 34 24 33 31 16 28 30 27 21 26 32 22 3 5 17 8 23 11 36 25 7 18 38 ],7
0.95,10,10,[ 20 14 13 12 37 39 19 9 6 4 1 2 35 15 29 10 34 24 33 31 16 28 30 27 21 26 32 22 3 5 17 8 23 11 36 25 7 18 38 ],7
0.95,10,10,[ 20 14 13 12 37 39 19 9 6 4 1 2 35 15 29 10 34 24 33 31 16 28 30 27 21 26 32 22 3 5 17 8 23 11 36 25 7 18 38 ],7
0.95,10,10,[ 9 15 14 13 36 39 20 10 5 6 1 2 35 16 29 11 33 25 34 32 17 28 30 26 21 27 31 22 4 3 18 8 23 12 37 24 7 19 38 ],6
0.95,50,10,[ 21 14 13 12 37 1 18 9 5 6 39 38 34 15 29 10 32 25 35 33 16 28 30 27 19 26 31 20 36 4 17 8 23 11 2 24 7 22 3 ],7
0.95,50,10,[ 18 14 13 12 35 38 20 9 5 6 1 2 36 15 29 10 32 24 34 33 16 28 30 26 21 27 31 22 3 4 17 7 23 11 37 25 8 19 39 ],7
0.95,50,10,[ 19 14 13 12 36 39 20 9 5 6 1 2 35 15 29 10 33 25 34 32 16 28 30 26 21 27 31 22 4 3 17 8 23 11 37 24 7 18 38 ],7
0.95,50,10,[ 20 14 13 12 37 39 19 9 5 6 1 2 35 15 29 10 34 24 33 31 16 28 30 27 21 26 32 22 3 4 17 8 23 11 36 25 7 18 38 ],7
0.95,50,10,[ 19 14 13 12 36 39 20 9 5 6 1 2 35 15 29 10 33 25 34 32 16 28 30 26 21 27 31 22 4 3 17 8 23 11 37 24 7 18 38 ],7
0.95,50,10,[ 22 14 13 12 36 1 18 11 5 6 39 38 34 15 29 8 32 24 35 33 16 28 31 27 19 26 30 20 37 4 17 7 23 10 2 25 9 21 3 ],7
0.95,50,10,[ 18 14 13 12 36 39 20 9 5 6 1 2 35 15 29 10 33 25 34 32 16 28 30 26 21 27 31 22 4 3 17 8 23 11 37 24 7 19 38 ],7
0.95,50,10,[ 19 14 13 12 36 39 20 9 5 6 1 2 34 15 29 10 32 25 35 33 16 28 31 26 21 27 30 22 4 3 17 8 23 11 38 24 7 18 37 ],7
0.95,50,10,[ 20 14 13 12 36 39 19 9 5 6 1 2 35 15 29 10 33 25 34 32 16 28 30 26 21 27 31 22 4 3 17 8 23 11 37 24 7 18 38 ],7
0.95,50,10,[ 22 14 13 12 36 2 18 9 5 6 38 39 35 15 29 10 33 25 34 32 16 28 30 26 19 27 31 20 37 3 17 8 23 11 4 24 7 21 1 ],7
0.95,100,10,[ 21 14 13 12 37 1 18 10 5 6 39 38 34 15 29 8 32 25 35 33 16 28 31 27 19 26 30 20 36 3 17 7 23 11 4 24 9 22 2 ],7
0.95,100,10,[ 22 14 13 12 35 1 18 9 7 6 37 39 36 15 29 10 34 5 33 31 16 28 30 27 19 26 32 20 38 4 17 25 23 11 2 24 8 21 3 ],7
0.95,100,10,[ 20 14 13 12 37 39 19 11 7 4 1 2 34 15 29 9 32 24 35 33 16 28 31 27 21 26 30 22 3 5 17 6 23 10 36 25 8 18 38 ],7
0.95,100,10,[ 21 14 13 12 37 1 18 11 5 6 39 38 34 15 29 8 32 25 35 33 16 28 31 27 19 26 30 20 36 4 17 7 23 10 2 24 9 22 3 ],7
0.95,100,10,[ 22 14 13 12 35 2 18 10 7 6 39 38 36 15 29 8 34 5 33 31 16 28 30 27 19 26 32 20 37 4 17 25 23 11 3 24 9 21 1 ],7
0.95,100,10,[ 18 14 13 12 36 39 20 9 5 6 1 2 34 15 29 10 32 25 35 33 16 28 31 26 21 27 30 22 3 4 17 8 23 11 38 24 7 19 37 ],7
0.95,100,10,[ 20 14 13 12 36 1 18 11 7 4 39 38 34 15 29 8 32 24 35 33 16 28 31 27 19 26 30 21 37 5 17 6 23 10 2 25 9 22 3 ],7
0.95,100,10,[ 20 14 13 12 37 39 19 10 6 5 3 1 35 15 29 9 34 24 33 31 16 28 30 27 21 26 32 22 2 4 17 8 23 11 36 25 7 18 38 ],7
0.95,100,10,[ 21 14 13 12 37 1 18 10 7 6 39 38 35 15 30 9 34 5 33 31 16 28 29 27 19 26 32 20 36 4 17 25 23 11 2 24 8 22 3 ],7
0.95,100,10,[ 20 14 13 12 37 1 18 11 5 6 39 38 34 15 29 8 32 25 35 33 16 28 31 27 19 26 30 21 36 4 17 7 23 10 2 24 9 22 3 ],7
