alpha,n_local_searchs,n_reps,labeling,value,neighb_structure,search_type,time_in_milliseconds
0.1,10,10,[ 18 17 15 32 9 43 19 40 25 28 13 12 22 33 23 1 29 26 48 10 14 37 44 49 35 39 6 8 7 46 27 31 42 38 41 16 4 5 11 2 36 34 3 45 21 47 24 30 20 ],5,0,0,629
0.1,10,10,[ 18 17 15 32 9 43 19 40 25 28 13 12 22 33 23 1 29 26 48 10 14 37 44 49 35 39 6 8 7 46 27 31 42 38 41 16 4 5 11 2 36 34 3 45 21 47 24 30 20 ],5,0,0,617
0.1,10,10,[ 15 31 38 6 4 16 9 28 1 3 25 19 10 49 8 7 13 24 2 20 11 29 34 14 48 32 35 41 27 12 44 46 23 33 18 30 36 40 39 47 5 22 21 17 42 37 26 43 45 ],5,0,0,592
0.1,10,10,[ 15 31 38 6 4 16 9 28 1 3 25 19 10 49 8 7 13 24 2 20 11 29 34 14 48 32 35 41 27 12 44 46 23 33 18 30 36 40 39 47 5 22 21 17 42 37 26 43 45 ],5,0,0,591
0.1,10,10,[ 27 42 37 19 16 33 48 34 46 6 5 47 12 31 1 39 26 30 8 4 28 25 23 43 20 2 7 11 45 32 18 40 29 3 14 21 44 17 9 36 41 24 22 10 13 15 49 35 38 ],5,0,0,593
0.1,10,10,[ 41 44 46 10 31 19 34 6 12 8 45 4 2 27 17 35 28 25 36 20 22 16 3 7 43 18 48 15 49 1 42 23 32 47 38 11 30 37 24 21 26 14 9 29 13 33 39 5 40 ],5,0,0,591
0.1,10,10,[ 41 44 46 10 31 19 34 6 12 8 45 4 2 27 17 35 28 25 36 20 22 16 3 7 43 18 48 15 49 1 42 23 32 47 38 11 30 37 24 21 26 14 9 29 13 33 39 5 40 ],5,0,0,596
0.1,10,10,[ 40 28 7 29 4 3 21 27 16 37 49 34 30 9 8 13 11 32 44 14 36 39 12 23 46 24 48 5 33 17 22 1 42 25 45 26 47 20 41 6 18 38 35 31 19 2 43 10 15 ],4,0,0,605
0.1,10,10,[ 40 28 7 29 4 3 21 27 16 37 49 34 30 9 8 13 11 32 44 14 36 39 12 23 46 24 48 5 33 17 22 1 42 25 45 26 47 20 41 6 18 38 35 31 19 2 43 10 15 ],4,0,0,588
0.1,10,10,[ 24 14 47 28 45 46 48 29 6 33 13 25 17 4 8 10 31 1 2 27 19 11 16 44 41 43 12 40 5 37 18 38 21 26 35 39 22 32 15 49 42 3 23 7 30 9 20 36 34 ],5,0,0,592
0.2,10,10,[ 35 5 49 18 32 11 28 40 25 3 46 14 29 17 38 21 19 47 6 1 13 44 41 23 33 34 48 30 7 2 16 42 12 24 8 4 20 45 39 22 27 36 15 43 9 10 37 26 31 ],6,0,0,589
0.2,10,10,[ 35 5 49 18 32 11 28 40 25 3 46 14 29 17 38 21 19 47 6 1 13 44 41 23 33 34 48 30 7 2 16 42 12 24 8 4 20 45 39 22 27 36 15 43 9 10 37 26 31 ],6,0,0,590
0.2,10,10,[ 38 3 45 23 26 28 15 6 21 8 7 41 42 25 35 40 13 36 2 34 47 9 14 20 48 10 1 29 46 4 31 30 5 32 49 12 39 19 18 22 33 37 43 11 27 44 17 24 16 ],6,0,0,590
0.2,10,10,[ 38 3 45 23 26 28 15 6 21 8 7 41 42 25 35 40 13 36 2 34 47 9 14 20 48 10 1 29 46 4 31 30 5 32 49 12 39 19 18 22 33 37 43 11 27 44 17 24 16 ],6,0,0,590
0.2,10,10,[ 44 8 1 42 20 33 29 41 27 19 6 36 47 43 24 10 16 17 39 32 12 26 30 28 40 3 37 31 18 23 45 5 11 46 4 9 14 34 35 48 25 21 49 13 15 22 7 2 38 ],8,0,0,591
0.2,10,10,[ 44 8 1 42 20 33 29 41 27 19 6 36 47 43 24 10 16 17 39 32 12 26 30 28 40 3 37 31 18 23 45 5 11 46 4 9 14 34 35 48 25 21 49 13 15 22 7 2 38 ],8,0,0,588
0.2,10,10,[ 26 19 42 11 48 20 21 12 36 47 32 22 13 34 33 17 5 10 23 44 4 14 18 35 30 31 29 40 37 16 2 8 24 9 15 45 39 49 38 3 1 43 41 25 6 46 27 28 7 ],8,0,0,590
0.2,10,10,[ 44 9 16 18 38 41 1 21 12 45 14 40 30 7 43 34 36 11 6 32 24 29 10 20 19 37 15 27 33 28 4 49 31 25 3 17 26 5 2 39 23 13 48 8 35 22 46 42 47 ],7,0,0,588
0.2,10,10,[ 44 9 16 18 38 41 1 21 12 45 14 40 30 7 43 34 36 11 6 32 24 29 10 20 19 37 15 27 33 28 4 49 31 25 3 17 26 5 2 39 23 13 48 8 35 22 46 42 47 ],7,0,0,589
0.2,10,10,[ 37 40 38 44 43 31 27 30 17 11 18 32 7 21 15 47 19 46 1 6 49 48 33 22 28 26 39 8 25 4 35 16 41 12 9 42 29 2 5 3 13 10 20 14 24 45 34 23 36 ],6,0,0,589
0.3,10,10,[ 26 33 21 1 31 27 36 2 24 16 41 42 6 38 44 40 5 49 3 8 30 4 48 23 45 46 19 15 43 37 12 25 7 14 20 47 13 34 10 17 32 11 22 35 9 18 39 29 28 ],6,0,0,587
0.3,10,10,[ 39 41 22 2 21 9 42 40 3 23 20 8 33 1 18 29 34 25 47 49 30 32 31 7 10 4 11 13 26 15 38 24 37 48 5 14 36 19 45 46 43 28 27 12 17 44 35 6 16 ],9,0,0,589
0.3,10,10,[ 38 45 22 42 12 10 19 39 24 9 14 6 44 21 2 35 3 28 15 17 5 40 37 16 34 4 31 13 7 43 32 41 46 36 33 1 48 18 26 25 49 29 30 11 8 47 27 23 20 ],9,0,0,589
0.3,10,10,[ 38 45 22 42 12 10 19 39 24 9 14 6 44 21 2 35 3 28 15 17 5 40 37 16 34 4 31 13 7 43 32 41 46 36 33 1 48 18 26 25 49 29 30 11 8 47 27 23 20 ],9,0,0,589
0.3,10,10,[ 25 30 31 33 3 24 6 39 12 11 47 45 15 27 21 37 20 43 2 32 18 22 46 10 49 17 34 7 16 5 4 28 40 41 13 29 8 1 14 9 42 38 48 35 23 36 19 44 26 ],6,0,0,589
0.3,10,10,[ 25 30 31 33 3 24 6 39 12 11 47 45 15 27 21 37 20 43 2 32 18 22 46 10 49 17 34 7 16 5 4 28 40 41 13 29 8 1 14 9 42 38 48 35 23 36 19 44 26 ],6,0,0,588
0.3,10,10,[ 39 8 19 41 38 33 37 2 15 20 22 42 28 9 12 43 34 11 32 17 44 23 16 47 4 6 18 24 7 1 30 5 25 27 46 14 10 40 29 35 36 13 49 21 26 31 3 48 45 ],10,0,0,589
0.3,10,10,[ 40 4 9 8 36 13 30 2 33 19 11 31 45 35 23 38 3 34 37 25 48 49 17 21 43 46 18 22 6 29 47 12 7 15 41 5 44 27 1 32 28 39 14 16 26 10 42 20 24 ],6,0,0,586
0.3,10,10,[ 40 4 9 8 36 13 30 2 33 19 11 31 45 35 23 38 3 34 37 25 48 49 17 21 43 46 18 22 6 29 47 12 7 15 41 5 44 27 1 32 28 39 14 16 26 10 42 20 24 ],6,0,0,589
0.3,10,10,[ 7 44 31 23 39 5 48 13 45 15 17 40 29 25 34 47 16 46 24 4 49 11 21 33 27 41 18 2 30 42 8 3 14 19 1 12 9 32 22 36 26 28 10 20 35 6 38 37 43 ],10,0,0,589
0.4,10,10,[ 42 48 4 12 28 35 39 43 31 10 7 47 34 30 23 25 19 11 38 9 40 5 45 49 29 20 17 36 16 24 46 6 8 15 37 1 18 41 44 27 21 22 3 14 13 2 26 32 33 ],10,0,0,587
0.4,10,10,[ 29 37 39 7 46 49 34 28 24 16 33 31 35 38 17 41 4 43 32 5 27 2 26 15 40 42 9 20 45 22 19 21 47 8 6 30 10 36 12 13 1 18 11 25 14 3 44 48 23 ],10,0,0,587
0.4,10,10,[ 29 37 39 7 46 49 34 28 24 16 33 31 35 38 17 41 4 43 32 5 27 2 26 15 40 42 9 20 45 22 19 21 47 8 6 30 10 36 12 13 1 18 11 25 14 3 44 48 23 ],10,0,0,587
0.4,10,10,[ 12 39 37 32 42 41 19 24 9 43 29 8 21 15 16 33 10 23 48 46 6 49 30 2 22 14 35 38 27 40 5 1 34 26 31 20 36 13 47 44 18 3 7 25 45 28 4 17 11 ],5,0,0,590
0.4,10,10,[ 36 10 23 6 47 3 16 28 31 40 22 9 14 20 45 15 4 8 19 5 7 26 21 39 29 46 30 25 13 18 32 41 11 12 34 17 1 27 33 44 49 38 35 24 37 2 48 43 42 ],10,0,0,589
0.4,10,10,[ 36 10 23 6 47 3 16 28 31 40 22 9 14 20 45 15 4 8 19 5 7 26 21 39 29 46 30 25 13 18 32 41 11 12 34 17 1 27 33 44 49 38 35 24 37 2 48 43 42 ],10,0,0,587
0.4,10,10,[ 20 19 4 6 45 18 10 15 33 9 11 12 8 48 35 3 17 43 1 16 25 44 7 31 38 34 46 27 37 21 2 36 13 29 26 40 47 41 24 22 28 32 42 30 39 14 49 23 5 ],8,0,0,588
0.4,10,10,[ 20 19 4 6 45 18 10 15 33 9 11 12 8 48 35 3 17 43 1 16 25 44 7 31 38 34 46 27 37 21 2 36 13 29 26 40 47 41 24 22 28 32 42 30 39 14 49 23 5 ],8,0,0,587
0.4,10,10,[ 3 34 41 42 11 38 39 28 4 17 46 45 26 32 25 21 22 36 48 29 35 13 44 8 40 33 7 6 30 10 49 19 43 37 16 2 47 12 9 14 1 24 20 31 27 5 15 23 18 ],9,0,0,591
0.4,10,10,[ 16 20 13 48 24 17 11 46 9 36 29 5 6 14 39 34 41 32 26 3 2 40 35 12 25 15 31 4 37 27 21 47 23 42 19 38 45 7 44 1 10 30 43 33 8 49 28 18 22 ],10,0,0,588
0.5,10,10,[ 43 36 23 42 17 33 32 40 11 7 9 45 30 39 8 24 4 29 47 46 44 19 41 1 20 28 6 15 12 27 48 16 37 31 25 10 2 18 38 21 22 13 3 35 26 14 5 49 34 ],9,0,0,590
0.5,10,10,[ 17 13 1 14 31 3 18 44 42 8 26 9 23 32 30 19 20 15 5 11 21 40 12 37 46 41 47 33 34 27 7 36 10 6 22 29 38 28 49 39 25 35 48 24 45 16 43 4 2 ],7,0,0,588
0.5,10,10,[ 17 13 1 14 31 3 18 44 42 8 26 9 23 32 30 19 20 15 5 11 21 40 12 37 46 41 47 33 34 27 7 36 10 6 22 29 38 28 49 39 25 35 48 24 45 16 43 4 2 ],7,0,0,589
0.5,10,10,[ 46 38 40 48 20 43 34 41 12 4 31 39 32 24 2 37 17 28 49 9 44 16 30 5 35 22 21 3 11 26 47 10 42 33 15 29 14 19 25 18 27 6 8 7 13 1 23 45 36 ],10,0,0,590
0.5,10,10,[ 9 8 20 22 23 16 10 48 47 35 31 7 15 18 38 28 34 14 17 43 11 39 41 46 19 2 32 45 49 25 3 40 12 44 27 29 42 24 13 21 26 33 37 30 6 36 1 4 5 ],8,0,0,588
0.5,10,10,[ 9 8 20 22 23 16 10 48 47 35 31 7 15 18 38 28 34 14 17 43 11 39 41 46 19 2 32 45 49 25 3 40 12 44 27 29 42 24 13 21 26 33 37 30 6 36 1 4 5 ],8,0,0,589
0.5,10,10,[ 33 48 17 36 12 47 39 30 14 28 34 49 27 44 9 24 45 37 35 32 41 20 29 4 10 46 6 1 13 22 40 21 42 26 23 5 2 15 7 16 31 19 8 25 3 18 11 43 38 ],7,0,0,587
0.5,10,10,[ 33 48 17 36 12 47 39 30 14 28 34 49 27 44 9 24 45 37 35 32 41 20 29 4 10 46 6 1 13 22 40 21 42 26 23 5 2 15 7 16 31 19 8 25 3 18 11 43 38 ],7,0,0,587
0.5,10,10,[ 42 28 5 39 12 49 45 30 17 35 47 43 36 13 8 21 29 37 46 38 34 2 31 20 6 19 18 7 16 27 33 10 41 44 24 26 15 1 3 9 25 22 4 23 11 32 14 48 40 ],7,0,0,590
0.5,10,10,[ 42 28 5 39 12 49 45 30 17 35 47 43 36 13 8 21 29 37 46 38 34 2 31 20 6 19 18 7 16 27 33 10 41 44 24 26 15 1 3 9 25 22 4 23 11 32 14 48 40 ],7,0,0,588
0.6,10,10,[ 16 37 45 1 28 41 39 14 18 10 13 46 42 31 6 35 5 47 43 20 48 4 12 2 40 32 30 19 7 24 38 15 49 17 25 33 8 29 22 27 23 3 9 21 26 11 44 34 36 ],6,0,0,591
0.6,10,10,[ 48 36 21 28 15 32 47 27 16 42 31 45 41 20 5 23 44 34 43 37 40 19 33 3 17 18 11 1 4 22 35 2 39 30 24 25 12 8 14 13 29 7 10 26 6 38 9 49 46 ],8,0,0,589
0.6,10,10,[ 48 36 21 28 15 32 47 27 16 42 31 45 41 20 5 23 44 34 43 37 40 19 33 3 17 18 11 1 4 22 35 2 39 30 24 25 12 8 14 13 29 7 10 26 6 38 9 49 46 ],8,0,0,590
0.6,10,10,[ 20 47 7 49 1 44 45 31 13 48 28 39 36 15 10 34 27 33 32 40 46 16 37 4 8 9 12 11 5 25 35 6 43 38 23 26 3 22 24 19 18 14 2 30 21 29 17 41 42 ],6,0,0,588
0.6,10,10,[ 20 47 7 49 1 44 45 31 13 48 28 39 36 15 10 34 27 33 32 40 46 16 37 4 8 9 12 11 5 25 35 6 43 38 23 26 3 22 24 19 18 14 2 30 21 29 17 41 42 ],6,0,0,590
0.6,10,10,[ 47 43 11 38 19 40 34 30 7 36 24 46 31 5 3 28 45 37 41 44 35 20 27 10 14 4 15 1 12 26 39 2 32 48 29 22 9 25 17 8 21 6 13 23 18 33 16 49 42 ],7,0,0,592
0.6,10,10,[ 9 13 38 3 32 14 15 17 34 21 16 2 12 45 44 31 11 1 8 18 19 41 20 47 46 43 49 42 33 30 6 40 10 7 28 23 39 25 24 48 29 35 37 26 27 22 36 4 5 ],6,0,0,587
0.6,10,10,[ 9 13 38 3 32 14 15 17 34 21 16 2 12 45 44 31 11 1 8 18 19 41 20 47 46 43 49 42 33 30 6 40 10 7 28 23 39 25 24 48 29 35 37 26 27 22 36 4 5 ],6,0,0,587
0.6,10,10,[ 10 16 23 11 29 14 7 42 44 43 22 13 4 18 37 25 15 9 3 47 5 41 12 38 26 19 34 49 39 31 2 48 6 17 21 24 35 30 36 32 28 40 45 20 27 46 33 8 1 ],8,0,0,590
0.6,10,10,[ 10 16 23 11 29 14 7 42 44 43 22 13 4 18 37 25 15 9 3 47 5 41 12 38 26 19 34 49 39 31 2 48 6 17 21 24 35 30 36 32 28 40 45 20 27 46 33 8 1 ],8,0,0,591
0.7,10,10,[ 20 3 35 4 36 6 2 21 38 17 24 7 8 41 49 29 16 12 13 1 14 42 15 46 31 37 22 48 44 30 5 43 10 18 27 23 40 28 45 33 26 39 47 25 34 19 32 9 11 ],8,0,0,591
0.7,10,10,[ 3 12 32 1 31 13 7 17 47 22 15 5 6 36 46 24 20 9 11 21 14 41 19 42 48 33 49 38 43 27 8 40 2 16 28 26 39 29 37 35 23 44 45 25 34 18 30 4 10 ],8,0,0,586
0.7,10,10,[ 3 12 32 1 31 13 7 17 47 22 15 5 6 36 46 24 20 9 11 21 14 41 19 42 48 33 49 38 43 27 8 40 2 16 28 26 39 29 37 35 23 44 45 25 34 18 30 4 10 ],8,0,0,591
0.7,10,10,[ 22 14 35 11 33 6 8 20 43 17 15 4 10 40 41 38 19 13 9 1 12 47 16 46 30 34 39 48 45 29 5 27 3 21 28 26 44 31 24 36 23 42 49 25 32 18 37 7 2 ],10,0,0,588
0.7,10,10,[ 22 14 35 11 33 6 8 20 43 17 15 4 10 40 41 38 19 13 9 1 12 47 16 46 30 34 39 48 45 29 5 27 3 21 28 26 44 31 24 36 23 42 49 25 32 18 37 7 2 ],10,0,0,589
0.7,10,10,[ 46 38 16 47 18 48 42 28 8 30 29 43 44 12 7 11 32 36 35 34 41 4 31 10 2 17 25 1 13 23 39 6 37 40 27 26 5 19 22 15 21 9 3 24 20 33 14 45 49 ],9,0,0,589
0.7,10,10,[ 31 32 10 44 19 48 49 30 15 34 26 38 46 13 8 36 33 39 43 37 47 2 28 6 7 17 14 9 4 22 41 5 40 42 24 29 3 21 27 12 20 11 1 25 18 35 16 45 23 ],7,0,0,586
0.7,10,10,[ 31 32 10 44 19 48 49 30 15 34 26 38 46 13 8 36 33 39 43 37 47 2 28 6 7 17 14 9 4 22 41 5 40 42 24 29 3 21 27 12 20 11 1 25 18 35 16 45 23 ],7,0,0,590
0.7,10,10,[ 30 47 17 49 15 39 36 38 8 33 28 46 43 7 4 25 29 40 37 32 44 5 35 12 2 18 10 13 6 23 41 3 42 34 24 27 11 14 16 20 21 9 1 26 19 31 22 45 48 ],6,0,0,588
0.7,10,10,[ 30 47 17 49 15 39 36 38 8 33 28 46 43 7 4 25 29 40 37 32 44 5 35 12 2 18 10 13 6 23 41 3 42 34 24 27 11 14 16 20 21 9 1 26 19 31 22 45 48 ],6,0,0,589
0.8,10,10,[ 11 2 33 15 36 1 10 17 40 14 21 3 4 37 43 47 20 5 13 16 7 46 23 39 34 35 41 38 44 25 8 27 12 19 28 22 49 29 31 32 26 42 48 24 30 18 45 9 6 ],7,0,0,589
0.8,10,10,[ 11 2 33 15 36 1 10 17 40 14 21 3 4 37 43 47 20 5 13 16 7 46 23 39 34 35 41 38 44 25 8 27 12 19 28 22 49 29 31 32 26 42 48 24 30 18 45 9 6 ],7,0,0,589
0.8,10,10,[ 10 7 35 12 37 11 5 17 43 18 21 9 8 38 39 26 20 14 3 13 1 48 22 40 34 33 31 46 47 27 4 42 15 19 25 24 41 29 44 32 28 45 49 23 30 16 36 6 2 ],8,0,0,591
0.8,10,10,[ 35 48 1 38 17 45 41 33 3 34 28 44 49 16 9 27 31 36 37 42 40 7 29 11 18 15 13 6 4 23 46 2 39 30 24 25 5 21 20 14 22 10 8 26 19 32 12 43 47 ],6,0,0,589
0.8,10,10,[ 35 48 1 38 17 45 41 33 3 34 28 44 49 16 9 27 31 36 37 42 40 7 29 11 18 15 13 6 4 23 46 2 39 30 24 25 5 21 20 14 22 10 8 26 19 32 12 43 47 ],6,0,0,589
0.8,10,10,[ 24 11 36 14 35 10 6 18 46 16 22 1 3 38 48 26 12 7 4 13 9 49 19 39 34 33 29 37 45 25 5 42 15 21 28 20 43 32 40 31 27 47 41 23 30 17 44 8 2 ],7,0,0,588
0.8,10,10,[ 24 11 36 14 35 10 6 18 46 16 22 1 3 38 48 26 12 7 4 13 9 49 19 39 34 33 29 37 45 25 5 42 15 21 28 20 43 32 40 31 27 47 41 23 30 17 44 8 2 ],7,0,0,590
0.8,10,10,[ 26 10 39 15 32 9 8 17 46 11 19 6 3 34 44 25 20 13 2 16 7 45 21 36 35 37 48 38 49 28 1 41 14 18 27 23 42 30 40 31 24 43 47 22 33 12 29 4 5 ],7,0,0,590
0.8,10,10,[ 37 39 12 31 17 45 48 29 10 36 30 46 40 16 6 22 35 47 38 32 41 8 28 11 15 14 25 3 5 21 49 7 44 34 23 26 2 20 4 19 24 9 1 27 18 33 13 43 42 ],7,0,0,586
0.8,10,10,[ 37 39 12 31 17 45 48 29 10 36 30 46 40 16 6 22 35 47 38 32 41 8 28 11 15 14 25 3 5 21 49 7 44 34 23 26 2 20 4 19 24 9 1 27 18 33 13 43 42 ],7,0,0,590
0.9,10,10,[ 13 12 34 16 32 5 8 19 44 15 21 6 4 37 41 38 18 10 9 14 7 47 22 39 35 36 42 26 48 28 3 49 11 20 25 23 46 30 29 33 27 45 43 24 31 17 40 2 1 ],7,0,0,588
0.9,10,10,[ 13 12 34 16 32 5 8 19 44 15 21 6 4 37 41 38 18 10 9 14 7 47 22 39 35 36 42 26 48 28 3 49 11 20 25 23 46 30 29 33 27 45 43 24 31 17 40 2 1 ],7,0,0,588
0.9,10,10,[ 43 40 16 35 18 39 45 31 6 32 29 48 46 15 8 10 33 36 42 37 41 3 28 11 13 14 7 24 4 22 49 1 38 30 25 27 2 20 21 17 23 5 9 26 19 34 12 44 47 ],5,0,0,592
0.9,10,10,[ 17 10 33 12 34 7 1 20 39 15 21 4 6 35 44 25 18 13 11 14 9 45 22 42 37 36 38 49 46 26 2 47 8 19 27 23 48 29 30 32 28 41 43 24 31 16 40 3 5 ],5,0,0,588
0.9,10,10,[ 17 10 33 12 34 7 1 20 39 15 21 4 6 35 44 25 18 13 11 14 9 45 22 42 37 36 38 49 46 26 2 47 8 19 27 23 48 29 30 32 28 41 43 24 31 16 40 3 5 ],5,0,0,594
0.9,10,10,[ 10 8 33 11 34 9 2 19 44 17 21 3 7 37 42 40 18 12 14 16 4 47 22 39 38 35 41 25 48 26 1 46 13 20 27 23 49 30 29 32 28 43 45 24 31 15 36 6 5 ],5,0,0,589
0.9,10,10,[ 10 8 33 11 34 9 2 19 44 17 21 3 7 37 42 40 18 12 14 16 4 47 22 39 38 35 41 25 48 26 1 46 13 20 27 23 49 30 29 32 28 43 45 24 31 15 36 6 5 ],5,0,0,588
0.9,10,10,[ 15 6 34 11 32 9 3 19 44 17 23 7 8 37 43 39 16 12 13 14 5 49 20 38 36 35 41 26 46 28 2 48 10 21 25 22 47 31 29 33 27 42 45 24 30 18 40 1 4 ],7,0,0,589
0.9,10,10,[ 15 6 34 11 32 9 3 19 44 17 23 7 8 37 43 39 16 12 13 14 5 49 20 38 36 35 41 26 46 28 2 48 10 21 25 22 47 31 29 33 27 42 45 24 30 18 40 1 4 ],7,0,0,587
0.9,10,10,[ 8 10 35 11 33 6 3 18 42 15 22 7 4 36 44 25 20 14 12 17 9 48 21 43 39 34 41 38 46 26 5 47 13 19 27 23 49 29 37 31 28 45 40 24 32 16 30 2 1 ],6,0,0,591
0.1,10,10,[ 40 42 37 49 44 2 13 7 19 23 30 24 10 14 16 25 27 47 29 31 45 41 3 15 12 5 1 6 22 28 39 35 8 9 26 46 4 17 43 18 20 38 34 33 32 36 21 11 48 ],5,1,0,334
0.1,10,10,[ 40 42 37 49 44 2 13 7 19 23 30 24 10 14 16 25 27 47 29 31 45 41 3 15 12 5 1 6 22 28 39 35 8 9 26 46 4 17 43 18 20 38 34 33 32 36 21 11 48 ],5,1,0,335
0.1,10,10,[ 40 42 37 49 44 2 13 7 19 23 30 24 10 14 16 25 27 47 29 31 45 41 3 15 12 5 1 6 22 28 39 35 8 9 26 46 4 17 43 18 20 38 34 33 32 36 21 11 48 ],5,1,0,335
0.1,10,10,[ 11 36 46 17 37 15 13 12 38 44 3 25 49 32 45 26 27 47 9 35 28 33 21 8 31 2 34 6 18 42 1 5 30 16 20 22 4 48 14 39 40 7 19 24 41 10 43 23 29 ],4,1,0,230
0.1,10,10,[ 11 36 46 17 37 15 13 12 38 44 3 25 49 32 45 26 27 47 9 35 28 33 21 8 31 2 34 6 18 42 1 5 30 16 20 22 4 48 14 39 40 7 19 24 41 10 43 23 29 ],4,1,0,231
0.1,10,10,[ 11 36 46 17 37 15 13 12 38 44 3 25 49 32 45 26 27 47 9 35 28 33 21 8 31 2 34 6 18 42 1 5 30 16 20 22 4 48 14 39 40 7 19 24 41 10 43 23 29 ],4,1,0,232
0.1,10,10,[ 11 36 46 17 37 15 13 12 38 44 3 25 49 32 45 26 27 47 9 35 28 33 21 8 31 2 34 6 18 42 1 5 30 16 20 22 4 48 14 39 40 7 19 24 41 10 43 23 29 ],4,1,0,231
0.1,10,10,[ 29 44 14 22 20 16 6 26 27 24 34 1 32 4 10 17 46 23 2 7 33 18 31 39 36 49 12 11 9 37 35 19 45 38 41 15 28 13 8 21 43 42 25 5 40 30 47 3 48 ],6,1,0,242
0.1,10,10,[ 29 44 14 22 20 16 6 26 27 24 34 1 32 4 10 17 46 23 2 7 33 18 31 39 36 49 12 11 9 37 35 19 45 38 41 15 28 13 8 21 43 42 25 5 40 30 47 3 48 ],6,1,0,241
0.1,10,10,[ 29 44 14 22 20 16 6 26 27 24 34 1 32 4 10 17 46 23 2 7 33 18 31 39 36 49 12 11 9 37 35 19 45 38 41 15 28 13 8 21 43 42 25 5 40 30 47 3 48 ],6,1,0,242
0.2,10,10,[ 16 18 33 20 13 12 8 4 15 5 1 48 2 37 31 3 6 42 17 24 45 38 44 30 14 9 25 26 23 34 40 32 22 36 39 27 21 11 41 10 49 47 43 29 35 19 7 28 46 ],6,1,0,301
0.2,10,10,[ 20 14 10 9 6 45 41 36 5 3 12 13 37 27 7 40 39 4 16 28 32 46 35 34 18 24 25 17 38 49 23 1 48 33 21 2 43 11 29 42 19 26 31 22 47 8 44 15 30 ],6,1,0,326
0.2,10,10,[ 20 14 10 9 6 45 41 36 5 3 12 13 37 27 7 40 39 4 16 28 32 46 35 34 18 24 25 17 38 49 23 1 48 33 21 2 43 11 29 42 19 26 31 22 47 8 44 15 30 ],6,1,0,327
0.2,10,10,[ 20 14 10 9 6 45 41 36 5 3 12 13 37 27 7 40 39 4 16 28 32 46 35 34 18 24 25 17 38 49 23 1 48 33 21 2 43 11 29 42 19 26 31 22 47 8 44 15 30 ],6,1,0,329
0.2,10,10,[ 24 17 44 5 9 48 49 40 15 1 45 35 20 31 11 2 4 13 18 33 25 26 23 41 42 34 12 38 37 22 7 29 32 36 30 8 27 14 43 16 19 39 3 28 10 21 47 46 6 ],6,1,0,159
0.2,10,10,[ 24 17 44 5 9 48 49 40 15 1 45 35 20 31 11 2 4 13 18 33 25 26 23 41 42 34 12 38 37 22 7 29 32 36 30 8 27 14 43 16 19 39 3 28 10 21 47 46 6 ],6,1,0,159
0.2,10,10,[ 24 17 44 5 9 48 49 40 15 1 45 35 20 31 11 2 4 13 18 33 25 26 23 41 42 34 12 38 37 22 7 29 32 36 30 8 27 14 43 16 19 39 3 28 10 21 47 46 6 ],6,1,0,159
0.2,10,10,[ 24 17 44 5 9 48 49 40 15 1 45 35 20 31 11 2 4 13 18 33 25 26 23 41 42 34 12 38 37 22 7 29 32 36 30 8 27 14 43 16 19 39 3 28 10 21 47 46 6 ],6,1,0,161
0.2,10,10,[ 24 17 44 5 9 48 49 40 15 1 45 35 20 31 11 2 4 13 18 33 25 26 23 41 42 34 12 38 37 22 7 29 32 36 30 8 27 14 43 16 19 39 3 28 10 21 47 46 6 ],6,1,0,159
0.2,10,10,[ 24 17 44 5 9 48 49 40 15 1 45 35 20 31 11 2 4 13 18 33 25 26 23 41 42 34 12 38 37 22 7 29 32 36 30 8 27 14 43 16 19 39 3 28 10 21 47 46 6 ],6,1,0,162
0.3,10,10,[ 42 13 10 7 28 15 21 18 32 20 45 33 49 35 44 14 24 6 26 3 23 47 16 29 38 40 4 39 17 11 30 43 12 9 5 37 19 22 31 25 1 34 48 41 27 2 46 8 36 ],6,1,0,365
0.3,10,10,[ 42 13 10 7 28 15 21 18 32 20 45 33 49 35 44 14 24 6 26 3 23 47 16 29 38 40 4 39 17 11 30 43 12 9 5 37 19 22 31 25 1 34 48 41 27 2 46 8 36 ],6,1,0,367
0.3,10,10,[ 42 13 10 7 28 15 21 18 32 20 45 33 49 35 44 14 24 6 26 3 23 47 16 29 38 40 4 39 17 11 30 43 12 9 5 37 19 22 31 25 1 34 48 41 27 2 46 8 36 ],6,1,0,368
0.3,10,10,[ 1 2 22 12 40 27 43 13 32 33 25 46 7 11 15 48 39 47 36 37 49 6 8 19 9 20 29 3 17 21 31 10 45 5 24 26 44 30 18 35 38 14 28 42 34 41 23 16 4 ],7,1,0,373
0.3,10,10,[ 1 2 22 12 40 27 43 13 32 33 25 46 7 11 15 48 39 47 36 37 49 6 8 19 9 20 29 3 17 21 31 10 45 5 24 26 44 30 18 35 38 14 28 42 34 41 23 16 4 ],7,1,0,374
0.3,10,10,[ 1 2 22 12 40 27 43 13 32 33 25 46 7 11 15 48 39 47 36 37 49 6 8 19 9 20 29 3 17 21 31 10 45 5 24 26 44 30 18 35 38 14 28 42 34 41 23 16 4 ],7,1,0,374
0.3,10,10,[ 3 47 21 24 46 45 33 11 40 28 16 44 31 49 32 9 17 4 38 26 34 25 20 42 12 23 15 35 22 41 2 8 18 29 1 27 13 43 37 48 30 7 19 14 5 6 10 36 39 ],4,1,0,352
0.3,10,10,[ 3 47 21 24 46 45 33 11 40 28 16 44 31 49 32 9 17 4 38 26 34 25 20 42 12 23 15 35 22 41 2 8 18 29 1 27 13 43 37 48 30 7 19 14 5 6 10 36 39 ],4,1,0,351
0.3,10,10,[ 3 47 21 24 46 45 33 11 40 28 16 44 31 49 32 9 17 4 38 26 34 25 20 42 12 23 15 35 22 41 2 8 18 29 1 27 13 43 37 48 30 7 19 14 5 6 10 36 39 ],4,1,0,348
0.3,10,10,[ 31 41 13 36 47 20 30 27 44 17 35 3 40 11 16 42 49 33 45 37 22 25 34 6 2 38 5 1 19 32 43 18 23 24 46 26 10 15 29 8 14 4 7 28 9 21 12 39 48 ],6,1,0,213
0.4,10,10,[ 31 44 46 34 15 40 49 38 11 30 28 39 48 5 13 4 2 7 37 35 36 9 47 17 18 27 12 23 10 22 42 24 33 32 25 21 1 19 43 6 3 20 14 41 8 45 16 29 26 ],7,1,0,229
0.4,10,10,[ 31 44 46 34 15 40 49 38 11 30 28 39 48 5 13 4 2 7 37 35 36 9 47 17 18 27 12 23 10 22 42 24 33 32 25 21 1 19 43 6 3 20 14 41 8 45 16 29 26 ],7,1,0,229
0.4,10,10,[ 6 12 19 7 23 16 4 47 33 17 44 20 14 39 41 21 43 10 1 18 37 36 35 27 31 28 26 32 49 11 29 34 3 5 15 45 42 25 9 13 48 38 40 30 24 2 46 22 8 ],6,1,0,262
0.4,10,10,[ 6 12 19 7 23 16 4 47 33 17 44 20 14 39 41 21 43 10 1 18 37 36 35 27 31 28 26 32 49 11 29 34 3 5 15 45 42 25 9 13 48 38 40 30 24 2 46 22 8 ],6,1,0,263
0.4,10,10,[ 6 12 19 7 23 16 4 47 33 17 44 20 14 39 41 21 43 10 1 18 37 36 35 27 31 28 26 32 49 11 29 34 3 5 15 45 42 25 9 13 48 38 40 30 24 2 46 22 8 ],6,1,0,264
0.4,10,10,[ 6 12 19 7 23 16 4 47 33 17 44 20 14 39 41 21 43 10 1 18 37 36 35 27 31 28 26 32 49 11 29 34 3 5 15 45 42 25 9 13 48 38 40 30 24 2 46 22 8 ],6,1,0,267
0.4,10,10,[ 22 34 29 9 4 49 37 32 16 13 2 46 42 44 8 21 6 14 40 7 23 28 39 24 36 27 5 47 41 30 11 25 43 17 35 48 33 26 31 20 10 15 18 45 19 12 38 3 1 ],8,1,0,296
0.4,10,10,[ 22 34 29 9 4 49 37 32 16 13 2 46 42 44 8 21 6 14 40 7 23 28 39 24 36 27 5 47 41 30 11 25 43 17 35 48 33 26 31 20 10 15 18 45 19 12 38 3 1 ],8,1,0,297
0.4,10,10,[ 22 34 29 9 4 49 37 32 16 13 2 46 42 44 8 21 6 14 40 7 23 28 39 24 36 27 5 47 41 30 11 25 43 17 35 48 33 26 31 20 10 15 18 45 19 12 38 3 1 ],8,1,0,298
0.4,10,10,[ 22 34 29 9 4 49 37 32 16 13 2 46 42 44 8 21 6 14 40 7 23 28 39 24 36 27 5 47 41 30 11 25 43 17 35 48 33 26 31 20 10 15 18 45 19 12 38 3 1 ],8,1,0,298
0.5,10,10,[ 7 44 9 32 48 29 43 13 11 45 42 49 35 10 1 24 38 46 40 41 47 26 20 16 21 6 12 15 37 27 19 22 30 33 23 31 36 14 4 8 25 3 18 28 34 39 5 2 17 ],7,1,0,198
0.5,10,10,[ 7 44 9 32 48 29 43 13 11 45 42 49 35 10 1 24 38 46 40 41 47 26 20 16 21 6 12 15 37 27 19 22 30 33 23 31 36 14 4 8 25 3 18 28 34 39 5 2 17 ],7,1,0,198
0.5,10,10,[ 7 44 9 32 48 29 43 13 11 45 42 49 35 10 1 24 38 46 40 41 47 26 20 16 21 6 12 15 37 27 19 22 30 33 23 31 36 14 4 8 25 3 18 28 34 39 5 2 17 ],7,1,0,199
0.5,10,10,[ 7 44 9 32 48 29 43 13 11 45 42 49 35 10 1 24 38 46 40 41 47 26 20 16 21 6 12 15 37 27 19 22 30 33 23 31 36 14 4 8 25 3 18 28 34 39 5 2 17 ],7,1,0,200
0.5,10,10,[ 15 16 43 21 6 10 3 44 42 39 37 40 9 11 45 24 28 12 13 34 49 27 36 38 8 22 29 46 26 2 32 20 7 30 23 48 41 17 5 19 25 35 31 33 18 47 1 4 14 ],6,1,0,306
0.5,10,10,[ 15 16 43 21 6 10 3 44 42 39 37 40 9 11 45 24 28 12 13 34 49 27 36 38 8 22 29 46 26 2 32 20 7 30 23 48 41 17 5 19 25 35 31 33 18 47 1 4 14 ],6,1,0,307
0.5,10,10,[ 15 16 43 21 6 10 3 44 42 39 37 40 9 11 45 24 28 12 13 34 49 27 36 38 8 22 29 46 26 2 32 20 7 30 23 48 41 17 5 19 25 35 31 33 18 47 1 4 14 ],6,1,0,311
0.5,10,10,[ 15 16 43 21 6 10 3 44 42 39 37 40 9 11 45 24 28 12 13 34 49 27 36 38 8 22 29 46 26 2 32 20 7 30 23 48 41 17 5 19 25 35 31 33 18 47 1 4 14 ],6,1,0,307
0.5,10,10,[ 1 18 40 5 49 19 17 12 39 26 24 3 47 9 23 8 14 16 11 6 44 29 22 37 48 20 33 41 36 27 10 46 15 7 30 21 28 38 42 45 25 35 34 13 32 43 31 4 2 ],7,1,0,296
0.5,10,10,[ 1 18 40 5 49 19 17 12 39 26 24 3 47 9 23 8 14 16 11 6 44 29 22 37 48 20 33 41 36 27 10 46 15 7 30 21 28 38 42 45 25 35 34 13 32 43 31 4 2 ],7,1,0,297
0.6,10,10,[ 14 2 33 21 39 18 9 7 44 6 30 10 17 32 36 29 4 12 16 19 1 41 8 40 35 47 42 49 46 28 11 37 13 20 25 26 34 27 22 48 24 45 38 23 31 15 43 5 3 ],5,1,0,200
0.6,10,10,[ 29 31 1 49 14 36 38 39 7 32 24 46 34 6 9 27 37 41 47 44 48 5 25 3 10 13 8 11 16 26 40 15 45 33 28 22 17 21 19 4 30 12 2 23 18 35 20 43 42 ],7,1,0,247
0.6,10,10,[ 29 31 1 49 14 36 38 39 7 32 24 46 34 6 9 27 37 41 47 44 48 5 25 3 10 13 8 11 16 26 40 15 45 33 28 22 17 21 19 4 30 12 2 23 18 35 20 43 42 ],7,1,0,247
0.6,10,10,[ 29 31 1 49 14 36 38 39 7 32 24 46 34 6 9 27 37 41 47 44 48 5 25 3 10 13 8 11 16 26 40 15 45 33 28 22 17 21 19 4 30 12 2 23 18 35 20 43 42 ],7,1,0,249
0.6,10,10,[ 29 31 1 49 14 36 38 39 7 32 24 46 34 6 9 27 37 41 47 44 48 5 25 3 10 13 8 11 16 26 40 15 45 33 28 22 17 21 19 4 30 12 2 23 18 35 20 43 42 ],7,1,0,250
0.6,10,10,[ 36 35 32 5 34 43 47 12 11 4 20 49 33 38 1 7 19 26 46 9 40 10 3 44 29 31 8 39 15 25 37 18 28 6 22 16 13 42 21 41 23 17 2 24 27 14 30 48 45 ],9,1,0,206
0.6,10,10,[ 36 35 32 5 34 43 47 12 11 4 20 49 33 38 1 7 19 26 46 9 40 10 3 44 29 31 8 39 15 25 37 18 28 6 22 16 13 42 21 41 23 17 2 24 27 14 30 48 45 ],9,1,0,206
0.6,10,10,[ 36 35 32 5 34 43 47 12 11 4 20 49 33 38 1 7 19 26 46 9 40 10 3 44 29 31 8 39 15 25 37 18 28 6 22 16 13 42 21 41 23 17 2 24 27 14 30 48 45 ],9,1,0,208
0.6,10,10,[ 36 35 32 5 34 43 47 12 11 4 20 49 33 38 1 7 19 26 46 9 40 10 3 44 29 31 8 39 15 25 37 18 28 6 22 16 13 42 21 41 23 17 2 24 27 14 30 48 45 ],9,1,0,206
0.6,10,10,[ 36 35 32 5 34 43 47 12 11 4 20 49 33 38 1 7 19 26 46 9 40 10 3 44 29 31 8 39 15 25 37 18 28 6 22 16 13 42 21 41 23 17 2 24 27 14 30 48 45 ],9,1,0,209
0.7,10,10,[ 37 49 20 41 17 46 39 35 3 32 43 44 7 12 26 33 31 38 36 42 45 2 30 9 15 5 1 14 6 24 48 10 34 28 21 25 11 16 22 19 23 8 13 27 18 29 4 47 40 ],5,1,0,167
0.7,10,10,[ 37 49 20 41 17 46 39 35 3 32 43 44 7 12 26 33 31 38 36 42 45 2 30 9 15 5 1 14 6 24 48 10 34 28 21 25 11 16 22 19 23 8 13 27 18 29 4 47 40 ],5,1,0,167
0.7,10,10,[ 37 49 20 41 17 46 39 35 3 32 43 44 7 12 26 33 31 38 36 42 45 2 30 9 15 5 1 14 6 24 48 10 34 28 21 25 11 16 22 19 23 8 13 27 18 29 4 47 40 ],5,1,0,168
0.7,10,10,[ 37 49 20 41 17 46 39 35 3 32 43 44 7 12 26 33 31 38 36 42 45 2 30 9 15 5 1 14 6 24 48 10 34 28 21 25 11 16 22 19 23 8 13 27 18 29 4 47 40 ],5,1,0,168
0.7,10,10,[ 37 49 20 41 17 46 39 35 3 32 43 44 7 12 26 33 31 38 36 42 45 2 30 9 15 5 1 14 6 24 48 10 34 28 21 25 11 16 22 19 23 8 13 27 18 29 4 47 40 ],5,1,0,168
0.7,10,10,[ 37 49 20 41 17 46 39 35 3 32 43 44 7 12 26 33 31 38 36 42 45 2 30 9 15 5 1 14 6 24 48 10 34 28 21 25 11 16 22 19 23 8 13 27 18 29 4 47 40 ],5,1,0,168
0.7,10,10,[ 19 14 32 16 36 4 11 21 48 13 17 12 8 31 42 24 20 6 7 9 3 46 22 43 33 35 47 39 44 5 28 40 18 23 26 38 27 30 34 29 45 41 25 37 15 49 2 10 1 ],7,1,0,263
0.7,10,10,[ 19 14 32 16 36 4 11 21 48 13 17 12 8 31 42 24 20 6 7 9 3 46 22 43 33 35 47 39 44 5 28 40 18 23 26 38 27 30 34 29 45 41 25 37 15 49 2 10 1 ],7,1,0,264
0.7,10,10,[ 19 14 32 16 36 4 11 21 48 13 17 12 8 31 42 24 20 6 7 9 3 46 22 43 33 35 47 39 44 5 28 40 18 23 26 38 27 30 34 29 45 41 25 37 15 49 2 10 1 ],7,1,0,265
0.7,10,10,[ 19 14 32 16 36 4 11 21 48 13 17 12 8 31 42 24 20 6 7 9 3 46 22 43 33 35 47 39 44 5 28 40 18 23 26 38 27 30 34 29 45 41 25 37 15 49 2 10 1 ],7,1,0,265
0.8,10,10,[ 31 41 18 32 17 44 45 33 5 36 29 40 42 13 12 38 39 49 34 48 3 27 10 11 15 7 26 4 6 24 46 2 37 30 22 28 8 21 20 16 23 9 1 25 19 35 14 43 47 ],6,1,0,207
0.8,10,10,[ 31 41 18 32 17 44 45 33 5 36 29 40 42 13 12 38 39 49 34 48 3 27 10 11 15 7 26 4 6 24 46 2 37 30 22 28 8 21 20 16 23 9 1 25 19 35 14 43 47 ],6,1,0,208
0.8,10,10,[ 31 41 18 32 17 44 45 33 5 36 29 40 42 13 12 38 39 49 34 48 3 27 10 11 15 7 26 4 6 24 46 2 37 30 22 28 8 21 20 16 23 9 1 25 19 35 14 43 47 ],6,1,0,209
0.8,10,10,[ 31 41 18 32 17 44 45 33 5 36 29 40 42 13 12 38 39 49 34 48 3 27 10 11 15 7 26 4 6 24 46 2 37 30 22 28 8 21 20 16 23 9 1 25 19 35 14 43 47 ],6,1,0,209
0.8,10,10,[ 9 1 35 16 37 10 5 20 42 17 22 8 7 39 49 25 14 11 15 12 4 46 19 38 34 33 40 44 43 28 3 47 18 21 27 24 45 29 30 31 26 48 41 23 32 13 36 6 2 ],5,1,0,181
0.8,10,10,[ 9 1 35 16 37 10 5 20 42 17 22 8 7 39 49 25 14 11 15 12 4 46 19 38 34 33 40 44 43 28 3 47 18 21 27 24 45 29 30 31 26 48 41 23 32 13 36 6 2 ],5,1,0,180
0.8,10,10,[ 9 1 35 16 37 10 5 20 42 17 22 8 7 39 49 25 14 11 15 12 4 46 19 38 34 33 40 44 43 28 3 47 18 21 27 24 45 29 30 31 26 48 41 23 32 13 36 6 2 ],5,1,0,180
0.8,10,10,[ 9 1 35 16 37 10 5 20 42 17 22 8 7 39 49 25 14 11 15 12 4 46 19 38 34 33 40 44 43 28 3 47 18 21 27 24 45 29 30 31 26 48 41 23 32 13 36 6 2 ],5,1,0,182
0.8,10,10,[ 9 1 35 16 37 10 5 20 42 17 22 8 7 39 49 25 14 11 15 12 4 46 19 38 34 33 40 44 43 28 3 47 18 21 27 24 45 29 30 31 26 48 41 23 32 13 36 6 2 ],5,1,0,180
0.8,10,10,[ 9 1 35 16 37 10 5 20 42 17 22 8 7 39 49 25 14 11 15 12 4 46 19 38 34 33 40 44 43 28 3 47 18 21 27 24 45 29 30 31 26 48 41 23 32 13 36 6 2 ],5,1,0,183
0.9,10,10,[ 38 40 17 37 16 41 42 29 6 33 28 47 44 13 8 31 39 43 34 46 5 30 11 14 15 1 12 24 4 23 48 3 36 32 25 27 2 19 21 18 22 7 9 26 20 35 10 49 45 ],5,1,0,74
0.9,10,10,[ 38 40 17 37 16 41 42 29 6 33 28 47 44 13 8 31 39 43 34 46 5 30 11 14 15 1 12 24 4 23 48 3 36 32 25 27 2 19 21 18 22 7 9 26 20 35 10 49 45 ],5,1,0,74
0.9,10,10,[ 38 40 17 37 16 41 42 29 6 33 28 47 44 13 8 31 39 43 34 46 5 30 11 14 15 1 12 24 4 23 48 3 36 32 25 27 2 19 21 18 22 7 9 26 20 35 10 49 45 ],5,1,0,74
0.9,10,10,[ 38 40 17 37 16 41 42 29 6 33 28 47 44 13 8 31 39 43 34 46 5 30 11 14 15 1 12 24 4 23 48 3 36 32 25 27 2 19 21 18 22 7 9 26 20 35 10 49 45 ],5,1,0,74
0.9,10,10,[ 38 40 17 37 16 41 42 29 6 33 28 47 44 13 8 31 39 43 34 46 5 30 11 14 15 1 12 24 4 23 48 3 36 32 25 27 2 19 21 18 22 7 9 26 20 35 10 49 45 ],5,1,0,74
0.9,10,10,[ 38 40 17 37 16 41 42 29 6 33 28 47 44 13 8 31 39 43 34 46 5 30 11 14 15 1 12 24 4 23 48 3 36 32 25 27 2 19 21 18 22 7 9 26 20 35 10 49 45 ],5,1,0,74
0.9,10,10,[ 38 40 17 37 16 41 42 29 6 33 28 47 44 13 8 31 39 43 34 46 5 30 11 14 15 1 12 24 4 23 48 3 36 32 25 27 2 19 21 18 22 7 9 26 20 35 10 49 45 ],5,1,0,74
0.9,10,10,[ 38 40 17 37 16 41 42 29 6 33 28 47 44 13 8 31 39 43 34 46 5 30 11 14 15 1 12 24 4 23 48 3 36 32 25 27 2 19 21 18 22 7 9 26 20 35 10 49 45 ],5,1,0,75
0.9,10,10,[ 38 40 17 37 16 41 42 29 6 33 28 47 44 13 8 31 39 43 34 46 5 30 11 14 15 1 12 24 4 23 48 3 36 32 25 27 2 19 21 18 22 7 9 26 20 35 10 49 45 ],5,1,0,74
0.9,10,10,[ 38 40 17 37 16 41 42 29 6 33 28 47 44 13 8 31 39 43 34 46 5 30 11 14 15 1 12 24 4 23 48 3 36 32 25 27 2 19 21 18 22 7 9 26 20 35 10 49 45 ],5,1,0,74
0.1,10,10,[ 18 22 46 45 30 37 12 25 39 23 10 5 31 34 15 36 9 35 40 28 42 44 11 4 20 33 6 17 3 14 43 49 32 47 7 24 2 41 48 21 1 26 27 16 19 13 8 38 29 ],3,0,1,58
0.1,10,10,[ 18 22 46 45 30 37 12 25 39 23 10 5 31 34 15 36 9 35 40 28 42 44 11 4 20 33 6 17 3 14 43 49 32 47 7 24 2 41 48 21 1 26 27 16 19 13 8 38 29 ],3,0,1,60
0.1,10,10,[ 18 22 46 45 30 37 12 25 39 23 10 5 31 34 15 36 9 35 40 28 42 44 11 4 20 33 6 17 3 14 43 49 32 47 7 24 2 41 48 21 1 26 27 16 19 13 8 38 29 ],3,0,1,58
0.1,10,10,[ 17 22 33 28 35 26 38 1 21 40 48 9 42 3 6 11 15 32 10 27 41 36 7 14 8 18 29 47 37 24 31 43 44 25 39 5 34 2 19 23 49 20 45 12 16 46 13 4 30 ],4,0,1,117
0.1,10,10,[ 17 22 33 28 35 26 38 1 21 40 48 9 42 3 6 11 15 32 10 27 41 36 7 14 8 18 29 47 37 24 31 43 44 25 39 5 34 2 19 23 49 20 45 12 16 46 13 4 30 ],4,0,1,116
0.1,10,10,[ 17 22 33 28 35 26 38 1 21 40 48 9 42 3 6 11 15 32 10 27 41 36 7 14 8 18 29 47 37 24 31 43 44 25 39 5 34 2 19 23 49 20 45 12 16 46 13 4 30 ],4,0,1,117
0.1,10,10,[ 17 22 33 28 35 26 38 1 21 40 48 9 42 3 6 11 15 32 10 27 41 36 7 14 8 18 29 47 37 24 31 43 44 25 39 5 34 2 19 23 49 20 45 12 16 46 13 4 30 ],4,0,1,117
0.1,10,10,[ 17 22 33 28 35 26 38 1 21 40 48 9 42 3 6 11 15 32 10 27 41 36 7 14 8 18 29 47 37 24 31 43 44 25 39 5 34 2 19 23 49 20 45 12 16 46 13 4 30 ],4,0,1,118
0.1,10,10,[ 17 22 33 28 35 26 38 1 21 40 48 9 42 3 6 11 15 32 10 27 41 36 7 14 8 18 29 47 37 24 31 43 44 25 39 5 34 2 19 23 49 20 45 12 16 46 13 4 30 ],4,0,1,119
0.1,10,10,[ 17 22 33 28 35 26 38 1 21 40 48 9 42 3 6 11 15 32 10 27 41 36 7 14 8 18 29 47 37 24 31 43 44 25 39 5 34 2 19 23 49 20 45 12 16 46 13 4 30 ],4,0,1,117
0.2,10,10,[ 49 27 35 5 20 28 25 2 14 9 39 8 11 24 12 21 17 34 46 4 13 16 30 26 45 33 43 47 37 41 15 31 36 32 18 29 6 10 3 22 1 19 7 38 44 48 42 40 23 ],5,0,1,58
0.2,10,10,[ 49 27 35 5 20 28 25 2 14 9 39 8 11 24 12 21 17 34 46 4 13 16 30 26 45 33 43 47 37 41 15 31 36 32 18 29 6 10 3 22 1 19 7 38 44 48 42 40 23 ],5,0,1,60
0.2,10,10,[ 49 27 35 5 20 28 25 2 14 9 39 8 11 24 12 21 17 34 46 4 13 16 30 26 45 33 43 47 37 41 15 31 36 32 18 29 6 10 3 22 1 19 7 38 44 48 42 40 23 ],5,0,1,60
0.2,10,10,[ 4 22 39 38 8 5 29 41 31 7 32 6 20 44 16 40 25 17 21 26 49 27 23 43 36 34 12 30 35 42 45 19 1 37 46 15 28 11 33 3 9 47 2 18 14 24 10 48 13 ],2,0,1,117
0.2,10,10,[ 4 22 39 38 8 5 29 41 31 7 32 6 20 44 16 40 25 17 21 26 49 27 23 43 36 34 12 30 35 42 45 19 1 37 46 15 28 11 33 3 9 47 2 18 14 24 10 48 13 ],2,0,1,117
0.2,10,10,[ 4 22 39 38 8 5 29 41 31 7 32 6 20 44 16 40 25 17 21 26 49 27 23 43 36 34 12 30 35 42 45 19 1 37 46 15 28 11 33 3 9 47 2 18 14 24 10 48 13 ],2,0,1,117
0.2,10,10,[ 4 22 39 38 8 5 29 41 31 7 32 6 20 44 16 40 25 17 21 26 49 27 23 43 36 34 12 30 35 42 45 19 1 37 46 15 28 11 33 3 9 47 2 18 14 24 10 48 13 ],2,0,1,117
0.2,10,10,[ 4 22 39 38 8 5 29 41 31 7 32 6 20 44 16 40 25 17 21 26 49 27 23 43 36 34 12 30 35 42 45 19 1 37 46 15 28 11 33 3 9 47 2 18 14 24 10 48 13 ],2,0,1,117
0.2,10,10,[ 4 22 39 38 8 5 29 41 31 7 32 6 20 44 16 40 25 17 21 26 49 27 23 43 36 34 12 30 35 42 45 19 1 37 46 15 28 11 33 3 9 47 2 18 14 24 10 48 13 ],2,0,1,118
0.2,10,10,[ 4 22 39 38 8 5 29 41 31 7 32 6 20 44 16 40 25 17 21 26 49 27 23 43 36 34 12 30 35 42 45 19 1 37 46 15 28 11 33 3 9 47 2 18 14 24 10 48 13 ],2,0,1,117
0.3,10,10,[ 42 18 34 10 41 9 47 19 20 17 46 22 27 4 15 5 23 48 37 16 30 6 21 12 45 43 13 29 14 40 38 8 1 11 26 3 7 39 35 33 31 24 2 49 36 25 32 44 28 ],3,0,1,58
0.3,10,10,[ 42 18 34 10 41 9 47 19 20 17 46 22 27 4 15 5 23 48 37 16 30 6 21 12 45 43 13 29 14 40 38 8 1 11 26 3 7 39 35 33 31 24 2 49 36 25 32 44 28 ],3,0,1,60
0.3,10,10,[ 42 18 34 10 41 9 47 19 20 17 46 22 27 4 15 5 23 48 37 16 30 6 21 12 45 43 13 29 14 40 38 8 1 11 26 3 7 39 35 33 31 24 2 49 36 25 32 44 28 ],3,0,1,58
0.3,10,10,[ 37 19 34 49 42 6 16 2 17 31 43 7 22 46 29 26 45 36 18 30 5 47 15 8 20 4 33 3 48 27 24 35 38 23 1 41 40 12 10 25 21 32 44 13 39 11 14 9 28 ],2,0,1,58
0.3,10,10,[ 37 19 34 49 42 6 16 2 17 31 43 7 22 46 29 26 45 36 18 30 5 47 15 8 20 4 33 3 48 27 24 35 38 23 1 41 40 12 10 25 21 32 44 13 39 11 14 9 28 ],2,0,1,58
0.3,10,10,[ 37 19 34 49 42 6 16 2 17 31 43 7 22 46 29 26 45 36 18 30 5 47 15 8 20 4 33 3 48 27 24 35 38 23 1 41 40 12 10 25 21 32 44 13 39 11 14 9 28 ],2,0,1,58
0.3,10,10,[ 37 19 34 49 42 6 16 2 17 31 43 7 22 46 29 26 45 36 18 30 5 47 15 8 20 4 33 3 48 27 24 35 38 23 1 41 40 12 10 25 21 32 44 13 39 11 14 9 28 ],2,0,1,58
0.3,10,10,[ 37 19 34 49 42 6 16 2 17 31 43 7 22 46 29 26 45 36 18 30 5 47 15 8 20 4 33 3 48 27 24 35 38 23 1 41 40 12 10 25 21 32 44 13 39 11 14 9 28 ],2,0,1,58
0.3,10,10,[ 37 19 34 49 42 6 16 2 17 31 43 7 22 46 29 26 45 36 18 30 5 47 15 8 20 4 33 3 48 27 24 35 38 23 1 41 40 12 10 25 21 32 44 13 39 11 14 9 28 ],2,0,1,58
0.3,10,10,[ 37 19 34 49 42 6 16 2 17 31 43 7 22 46 29 26 45 36 18 30 5 47 15 8 20 4 33 3 48 27 24 35 38 23 1 41 40 12 10 25 21 32 44 13 39 11 14 9 28 ],2,0,1,58
0.4,10,10,[ 37 33 20 10 35 46 31 4 5 27 39 36 43 3 45 8 47 16 30 48 38 18 49 44 9 17 13 32 15 22 40 2 24 19 23 29 12 11 26 6 1 14 7 25 21 28 42 34 41 ],6,0,1,58
0.4,10,10,[ 37 33 20 10 35 46 31 4 5 27 39 36 43 3 45 8 47 16 30 48 38 18 49 44 9 17 13 32 15 22 40 2 24 19 23 29 12 11 26 6 1 14 7 25 21 28 42 34 41 ],6,0,1,58
0.4,10,10,[ 37 33 20 10 35 46 31 4 5 27 39 36 43 3 45 8 47 16 30 48 38 18 49 44 9 17 13 32 15 22 40 2 24 19 23 29 12 11 26 6 1 14 7 25 21 28 42 34 41 ],6,0,1,60
0.4,10,10,[ 37 33 20 10 35 46 31 4 5 27 39 36 43 3 45 8 47 16 30 48 38 18 49 44 9 17 13 32 15 22 40 2 24 19 23 29 12 11 26 6 1 14 7 25 21 28 42 34 41 ],6,0,1,60
0.4,10,10,[ 37 33 20 10 35 46 31 4 5 27 39 36 43 3 45 8 47 16 30 48 38 18 49 44 9 17 13 32 15 22 40 2 24 19 23 29 12 11 26 6 1 14 7 25 21 28 42 34 41 ],6,0,1,59
0.4,10,10,[ 37 33 20 10 35 46 31 4 5 27 39 36 43 3 45 8 47 16 30 48 38 18 49 44 9 17 13 32 15 22 40 2 24 19 23 29 12 11 26 6 1 14 7 25 21 28 42 34 41 ],6,0,1,58
0.4,10,10,[ 37 33 20 10 35 46 31 4 5 27 39 36 43 3 45 8 47 16 30 48 38 18 49 44 9 17 13 32 15 22 40 2 24 19 23 29 12 11 26 6 1 14 7 25 21 28 42 34 41 ],6,0,1,58
0.4,10,10,[ 37 33 20 10 35 46 31 4 5 27 39 36 43 3 45 8 47 16 30 48 38 18 49 44 9 17 13 32 15 22 40 2 24 19 23 29 12 11 26 6 1 14 7 25 21 28 42 34 41 ],6,0,1,58
0.4,10,10,[ 37 33 20 10 35 46 31 4 5 27 39 36 43 3 45 8 47 16 30 48 38 18 49 44 9 17 13 32 15 22 40 2 24 19 23 29 12 11 26 6 1 14 7 25 21 28 42 34 41 ],6,0,1,60
0.4,10,10,[ 37 33 20 10 35 46 31 4 5 27 39 36 43 3 45 8 47 16 30 48 38 18 49 44 9 17 13 32 15 22 40 2 24 19 23 29 12 11 26 6 1 14 7 25 21 28 42 34 41 ],6,0,1,59
0.5,10,10,[ 32 30 49 42 27 33 36 41 11 46 38 40 43 8 10 24 14 47 39 5 37 13 4 23 28 16 17 35 7 22 48 9 45 2 29 1 15 31 20 25 18 3 6 19 26 12 21 34 44 ],4,0,1,58
0.5,10,10,[ 32 30 49 42 27 33 36 41 11 46 38 40 43 8 10 24 14 47 39 5 37 13 4 23 28 16 17 35 7 22 48 9 45 2 29 1 15 31 20 25 18 3 6 19 26 12 21 34 44 ],4,0,1,58
0.5,10,10,[ 32 30 49 42 27 33 36 41 11 46 38 40 43 8 10 24 14 47 39 5 37 13 4 23 28 16 17 35 7 22 48 9 45 2 29 1 15 31 20 25 18 3 6 19 26 12 21 34 44 ],4,0,1,58
0.5,10,10,[ 32 30 49 42 27 33 36 41 11 46 38 40 43 8 10 24 14 47 39 5 37 13 4 23 28 16 17 35 7 22 48 9 45 2 29 1 15 31 20 25 18 3 6 19 26 12 21 34 44 ],4,0,1,58
0.5,10,10,[ 32 30 49 42 27 33 36 41 11 46 38 40 43 8 10 24 14 47 39 5 37 13 4 23 28 16 17 35 7 22 48 9 45 2 29 1 15 31 20 25 18 3 6 19 26 12 21 34 44 ],4,0,1,58
0.5,10,10,[ 32 30 49 42 27 33 36 41 11 46 38 40 43 8 10 24 14 47 39 5 37 13 4 23 28 16 17 35 7 22 48 9 45 2 29 1 15 31 20 25 18 3 6 19 26 12 21 34 44 ],4,0,1,58
0.5,10,10,[ 32 30 49 42 27 33 36 41 11 46 38 40 43 8 10 24 14 47 39 5 37 13 4 23 28 16 17 35 7 22 48 9 45 2 29 1 15 31 20 25 18 3 6 19 26 12 21 34 44 ],4,0,1,58
0.5,10,10,[ 32 30 49 42 27 33 36 41 11 46 38 40 43 8 10 24 14 47 39 5 37 13 4 23 28 16 17 35 7 22 48 9 45 2 29 1 15 31 20 25 18 3 6 19 26 12 21 34 44 ],4,0,1,58
0.5,10,10,[ 32 30 49 42 27 33 36 41 11 46 38 40 43 8 10 24 14 47 39 5 37 13 4 23 28 16 17 35 7 22 48 9 45 2 29 1 15 31 20 25 18 3 6 19 26 12 21 34 44 ],4,0,1,58
0.5,10,10,[ 32 30 49 42 27 33 36 41 11 46 38 40 43 8 10 24 14 47 39 5 37 13 4 23 28 16 17 35 7 22 48 9 45 2 29 1 15 31 20 25 18 3 6 19 26 12 21 34 44 ],4,0,1,59
0.6,10,10,[ 47 33 4 44 5 37 40 27 6 46 26 45 48 18 9 30 29 43 36 42 35 13 25 15 8 16 7 17 11 23 38 2 41 34 24 28 19 21 22 1 20 12 3 31 14 32 10 39 49 ],5,0,1,60
0.6,10,10,[ 47 33 4 44 5 37 40 27 6 46 26 45 48 18 9 30 29 43 36 42 35 13 25 15 8 16 7 17 11 23 38 2 41 34 24 28 19 21 22 1 20 12 3 31 14 32 10 39 49 ],5,0,1,58
0.6,10,10,[ 47 33 4 44 5 37 40 27 6 46 26 45 48 18 9 30 29 43 36 42 35 13 25 15 8 16 7 17 11 23 38 2 41 34 24 28 19 21 22 1 20 12 3 31 14 32 10 39 49 ],5,0,1,58
0.6,10,10,[ 47 33 4 44 5 37 40 27 6 46 26 45 48 18 9 30 29 43 36 42 35 13 25 15 8 16 7 17 11 23 38 2 41 34 24 28 19 21 22 1 20 12 3 31 14 32 10 39 49 ],5,0,1,60
0.6,10,10,[ 47 33 4 44 5 37 40 27 6 46 26 45 48 18 9 30 29 43 36 42 35 13 25 15 8 16 7 17 11 23 38 2 41 34 24 28 19 21 22 1 20 12 3 31 14 32 10 39 49 ],5,0,1,62
0.6,10,10,[ 47 33 4 44 5 37 40 27 6 46 26 45 48 18 9 30 29 43 36 42 35 13 25 15 8 16 7 17 11 23 38 2 41 34 24 28 19 21 22 1 20 12 3 31 14 32 10 39 49 ],5,0,1,60
0.6,10,10,[ 30 40 38 9 39 36 46 15 47 10 21 48 45 33 19 18 13 5 49 7 41 12 1 29 35 42 8 31 6 24 44 16 2 11 25 20 4 27 26 28 23 14 17 22 32 3 43 34 37 ],6,0,1,58
0.6,10,10,[ 30 40 38 9 39 36 46 15 47 10 21 48 45 33 19 18 13 5 49 7 41 12 1 29 35 42 8 31 6 24 44 16 2 11 25 20 4 27 26 28 23 14 17 22 32 3 43 34 37 ],6,0,1,58
0.6,10,10,[ 30 40 38 9 39 36 46 15 47 10 21 48 45 33 19 18 13 5 49 7 41 12 1 29 35 42 8 31 6 24 44 16 2 11 25 20 4 27 26 28 23 14 17 22 32 3 43 34 37 ],6,0,1,58
0.6,10,10,[ 30 40 38 9 39 36 46 15 47 10 21 48 45 33 19 18 13 5 49 7 41 12 1 29 35 42 8 31 6 24 44 16 2 11 25 20 4 27 26 28 23 14 17 22 32 3 43 34 37 ],6,0,1,58
0.7,10,10,[ 30 38 16 35 20 40 45 31 11 32 27 48 49 17 13 3 33 36 47 44 37 12 28 4 1 18 10 25 7 23 41 2 42 39 22 26 6 24 19 15 21 9 5 29 14 34 8 46 43 ],8,0,1,58
0.7,10,10,[ 30 38 16 35 20 40 45 31 11 32 27 48 49 17 13 3 33 36 47 44 37 12 28 4 1 18 10 25 7 23 41 2 42 39 22 26 6 24 19 15 21 9 5 29 14 34 8 46 43 ],8,0,1,58
0.7,10,10,[ 30 38 16 35 20 40 45 31 11 32 27 48 49 17 13 3 33 36 47 44 37 12 28 4 1 18 10 25 7 23 41 2 42 39 22 26 6 24 19 15 21 9 5 29 14 34 8 46 43 ],8,0,1,58
0.7,10,10,[ 30 38 16 35 20 40 45 31 11 32 27 48 49 17 13 3 33 36 47 44 37 12 28 4 1 18 10 25 7 23 41 2 42 39 22 26 6 24 19 15 21 9 5 29 14 34 8 46 43 ],8,0,1,58
0.7,10,10,[ 30 38 16 35 20 40 45 31 11 32 27 48 49 17 13 3 33 36 47 44 37 12 28 4 1 18 10 25 7 23 41 2 42 39 22 26 6 24 19 15 21 9 5 29 14 34 8 46 43 ],8,0,1,58
0.7,10,10,[ 30 38 16 35 20 40 45 31 11 32 27 48 49 17 13 3 33 36 47 44 37 12 28 4 1 18 10 25 7 23 41 2 42 39 22 26 6 24 19 15 21 9 5 29 14 34 8 46 43 ],8,0,1,58
0.7,10,10,[ 30 38 16 35 20 40 45 31 11 32 27 48 49 17 13 3 33 36 47 44 37 12 28 4 1 18 10 25 7 23 41 2 42 39 22 26 6 24 19 15 21 9 5 29 14 34 8 46 43 ],8,0,1,60
0.7,10,10,[ 30 38 16 35 20 40 45 31 11 32 27 48 49 17 13 3 33 36 47 44 37 12 28 4 1 18 10 25 7 23 41 2 42 39 22 26 6 24 19 15 21 9 5 29 14 34 8 46 43 ],8,0,1,62
0.7,10,10,[ 30 38 16 35 20 40 45 31 11 32 27 48 49 17 13 3 33 36 47 44 37 12 28 4 1 18 10 25 7 23 41 2 42 39 22 26 6 24 19 15 21 9 5 29 14 34 8 46 43 ],8,0,1,58
0.7,10,10,[ 30 38 16 35 20 40 45 31 11 32 27 48 49 17 13 3 33 36 47 44 37 12 28 4 1 18 10 25 7 23 41 2 42 39 22 26 6 24 19 15 21 9 5 29 14 34 8 46 43 ],8,0,1,58
0.8,10,10,[ 30 43 17 42 19 38 48 31 8 34 28 47 46 12 4 25 32 36 40 39 37 7 29 1 14 13 3 11 6 23 49 10 41 35 24 27 5 21 20 18 22 2 9 26 16 33 15 44 45 ],4,0,1,61
0.8,10,10,[ 30 43 17 42 19 38 48 31 8 34 28 47 46 12 4 25 32 36 40 39 37 7 29 1 14 13 3 11 6 23 49 10 41 35 24 27 5 21 20 18 22 2 9 26 16 33 15 44 45 ],4,0,1,59
0.8,10,10,[ 30 43 17 42 19 38 48 31 8 34 28 47 46 12 4 25 32 36 40 39 37 7 29 1 14 13 3 11 6 23 49 10 41 35 24 27 5 21 20 18 22 2 9 26 16 33 15 44 45 ],4,0,1,60
0.8,10,10,[ 49 46 18 36 16 47 48 30 1 34 27 43 44 8 3 26 32 38 37 39 40 2 29 12 14 17 11 5 6 24 41 4 35 33 23 28 9 21 19 15 22 10 7 25 20 31 13 45 42 ],7,0,1,61
0.8,10,10,[ 49 46 18 36 16 47 48 30 1 34 27 43 44 8 3 26 32 38 37 39 40 2 29 12 14 17 11 5 6 24 41 4 35 33 23 28 9 21 19 15 22 10 7 25 20 31 13 45 42 ],7,0,1,58
0.8,10,10,[ 49 46 18 36 16 47 48 30 1 34 27 43 44 8 3 26 32 38 37 39 40 2 29 12 14 17 11 5 6 24 41 4 35 33 23 28 9 21 19 15 22 10 7 25 20 31 13 45 42 ],7,0,1,58
0.8,10,10,[ 49 46 18 36 16 47 48 30 1 34 27 43 44 8 3 26 32 38 37 39 40 2 29 12 14 17 11 5 6 24 41 4 35 33 23 28 9 21 19 15 22 10 7 25 20 31 13 45 42 ],7,0,1,58
0.8,10,10,[ 49 46 18 36 16 47 48 30 1 34 27 43 44 8 3 26 32 38 37 39 40 2 29 12 14 17 11 5 6 24 41 4 35 33 23 28 9 21 19 15 22 10 7 25 20 31 13 45 42 ],7,0,1,58
0.8,10,10,[ 49 46 18 36 16 47 48 30 1 34 27 43 44 8 3 26 32 38 37 39 40 2 29 12 14 17 11 5 6 24 41 4 35 33 23 28 9 21 19 15 22 10 7 25 20 31 13 45 42 ],7,0,1,58
0.8,10,10,[ 49 46 18 36 16 47 48 30 1 34 27 43 44 8 3 26 32 38 37 39 40 2 29 12 14 17 11 5 6 24 41 4 35 33 23 28 9 21 19 15 22 10 7 25 20 31 13 45 42 ],7,0,1,58
0.9,10,10,[ 49 39 17 35 16 42 46 31 6 34 28 47 41 15 8 25 32 37 38 36 43 2 29 11 14 13 12 1 3 23 45 4 40 30 24 27 5 20 21 19 22 7 9 26 18 33 10 44 48 ],4,0,1,58
0.9,10,10,[ 49 39 17 35 16 42 46 31 6 34 28 47 41 15 8 25 32 37 38 36 43 2 29 11 14 13 12 1 3 23 45 4 40 30 24 27 5 20 21 19 22 7 9 26 18 33 10 44 48 ],4,0,1,58
0.9,10,10,[ 49 39 17 35 16 42 46 31 6 34 28 47 41 15 8 25 32 37 38 36 43 2 29 11 14 13 12 1 3 23 45 4 40 30 24 27 5 20 21 19 22 7 9 26 18 33 10 44 48 ],4,0,1,59
0.9,10,10,[ 49 39 17 35 16 42 46 31 6 34 28 47 41 15 8 25 32 37 38 36 43 2 29 11 14 13 12 1 3 23 45 4 40 30 24 27 5 20 21 19 22 7 9 26 18 33 10 44 48 ],4,0,1,60
0.9,10,10,[ 49 39 17 35 16 42 46 31 6 34 28 47 41 15 8 25 32 37 38 36 43 2 29 11 14 13 12 1 3 23 45 4 40 30 24 27 5 20 21 19 22 7 9 26 18 33 10 44 48 ],4,0,1,60
0.9,10,10,[ 49 39 17 35 16 42 46 31 6 34 28 47 41 15 8 25 32 37 38 36 43 2 29 11 14 13 12 1 3 23 45 4 40 30 24 27 5 20 21 19 22 7 9 26 18 33 10 44 48 ],4,0,1,58
0.9,10,10,[ 49 39 17 35 16 42 46 31 6 34 28 47 41 15 8 25 32 37 38 36 43 2 29 11 14 13 12 1 3 23 45 4 40 30 24 27 5 20 21 19 22 7 9 26 18 33 10 44 48 ],4,0,1,58
0.9,10,10,[ 49 39 17 35 16 42 46 31 6 34 28 47 41 15 8 25 32 37 38 36 43 2 29 11 14 13 12 1 3 23 45 4 40 30 24 27 5 20 21 19 22 7 9 26 18 33 10 44 48 ],4,0,1,58
0.9,10,10,[ 49 39 17 35 16 42 46 31 6 34 28 47 41 15 8 25 32 37 38 36 43 2 29 11 14 13 12 1 3 23 45 4 40 30 24 27 5 20 21 19 22 7 9 26 18 33 10 44 48 ],4,0,1,59
0.9,10,10,[ 49 39 17 35 16 42 46 31 6 34 28 47 41 15 8 25 32 37 38 36 43 2 29 11 14 13 12 1 3 23 45 4 40 30 24 27 5 20 21 19 22 7 9 26 18 33 10 44 48 ],4,0,1,59
0.1,10,10,[ 37 48 36 18 47 12 17 38 9 31 10 35 21 19 42 45 24 13 20 49 3 16 30 4 28 29 27 7 15 34 40 14 33 32 8 46 6 11 22 1 5 26 41 23 43 44 25 2 39 ],3,1,1,16
0.1,10,10,[ 37 48 36 18 47 12 17 38 9 31 10 35 21 19 42 45 24 13 20 49 3 16 30 4 28 29 27 7 15 34 40 14 33 32 8 46 6 11 22 1 5 26 41 23 43 44 25 2 39 ],3,1,1,16
0.1,10,10,[ 37 48 36 18 47 12 17 38 9 31 10 35 21 19 42 45 24 13 20 49 3 16 30 4 28 29 27 7 15 34 40 14 33 32 8 46 6 11 22 1 5 26 41 23 43 44 25 2 39 ],3,1,1,16
0.1,10,10,[ 37 48 36 18 47 12 17 38 9 31 10 35 21 19 42 45 24 13 20 49 3 16 30 4 28 29 27 7 15 34 40 14 33 32 8 46 6 11 22 1 5 26 41 23 43 44 25 2 39 ],3,1,1,16
0.1,10,10,[ 37 48 36 18 47 12 17 38 9 31 10 35 21 19 42 45 24 13 20 49 3 16 30 4 28 29 27 7 15 34 40 14 33 32 8 46 6 11 22 1 5 26 41 23 43 44 25 2 39 ],3,1,1,16
0.1,10,10,[ 37 48 36 18 47 12 17 38 9 31 10 35 21 19 42 45 24 13 20 49 3 16 30 4 28 29 27 7 15 34 40 14 33 32 8 46 6 11 22 1 5 26 41 23 43 44 25 2 39 ],3,1,1,16
0.1,10,10,[ 37 48 36 18 47 12 17 38 9 31 10 35 21 19 42 45 24 13 20 49 3 16 30 4 28 29 27 7 15 34 40 14 33 32 8 46 6 11 22 1 5 26 41 23 43 44 25 2 39 ],3,1,1,16
0.1,10,10,[ 37 48 36 18 47 12 17 38 9 31 10 35 21 19 42 45 24 13 20 49 3 16 30 4 28 29 27 7 15 34 40 14 33 32 8 46 6 11 22 1 5 26 41 23 43 44 25 2 39 ],3,1,1,16
0.1,10,10,[ 37 48 36 18 47 12 17 38 9 31 10 35 21 19 42 45 24 13 20 49 3 16 30 4 28 29 27 7 15 34 40 14 33 32 8 46 6 11 22 1 5 26 41 23 43 44 25 2 39 ],3,1,1,16
0.1,10,10,[ 37 48 36 18 47 12 17 38 9 31 10 35 21 19 42 45 24 13 20 49 3 16 30 4 28 29 27 7 15 34 40 14 33 32 8 46 6 11 22 1 5 26 41 23 43 44 25 2 39 ],3,1,1,16
0.2,10,10,[ 37 47 25 2 24 28 43 44 48 4 49 36 34 23 18 33 32 42 3 20 9 6 19 16 40 31 21 22 13 7 41 26 35 12 38 11 8 5 15 30 1 17 14 10 29 39 45 27 46 ],5,1,1,55
0.2,10,10,[ 37 47 25 2 24 28 43 44 48 4 49 36 34 23 18 33 32 42 3 20 9 6 19 16 40 31 21 22 13 7 41 26 35 12 38 11 8 5 15 30 1 17 14 10 29 39 45 27 46 ],5,1,1,55
0.2,10,10,[ 37 47 25 2 24 28 43 44 48 4 49 36 34 23 18 33 32 42 3 20 9 6 19 16 40 31 21 22 13 7 41 26 35 12 38 11 8 5 15 30 1 17 14 10 29 39 45 27 46 ],5,1,1,55
0.2,10,10,[ 37 47 25 2 24 28 43 44 48 4 49 36 34 23 18 33 32 42 3 20 9 6 19 16 40 31 21 22 13 7 41 26 35 12 38 11 8 5 15 30 1 17 14 10 29 39 45 27 46 ],5,1,1,55
0.2,10,10,[ 37 47 25 2 24 28 43 44 48 4 49 36 34 23 18 33 32 42 3 20 9 6 19 16 40 31 21 22 13 7 41 26 35 12 38 11 8 5 15 30 1 17 14 10 29 39 45 27 46 ],5,1,1,55
0.2,10,10,[ 37 47 25 2 24 28 43 44 48 4 49 36 34 23 18 33 32 42 3 20 9 6 19 16 40 31 21 22 13 7 41 26 35 12 38 11 8 5 15 30 1 17 14 10 29 39 45 27 46 ],5,1,1,55
0.2,10,10,[ 37 47 25 2 24 28 43 44 48 4 49 36 34 23 18 33 32 42 3 20 9 6 19 16 40 31 21 22 13 7 41 26 35 12 38 11 8 5 15 30 1 17 14 10 29 39 45 27 46 ],5,1,1,55
0.2,10,10,[ 37 47 25 2 24 28 43 44 48 4 49 36 34 23 18 33 32 42 3 20 9 6 19 16 40 31 21 22 13 7 41 26 35 12 38 11 8 5 15 30 1 17 14 10 29 39 45 27 46 ],5,1,1,55
0.2,10,10,[ 37 47 25 2 24 28 43 44 48 4 49 36 34 23 18 33 32 42 3 20 9 6 19 16 40 31 21 22 13 7 41 26 35 12 38 11 8 5 15 30 1 17 14 10 29 39 45 27 46 ],5,1,1,56
0.2,10,10,[ 37 47 25 2 24 28 43 44 48 4 49 36 34 23 18 33 32 42 3 20 9 6 19 16 40 31 21 22 13 7 41 26 35 12 38 11 8 5 15 30 1 17 14 10 29 39 45 27 46 ],5,1,1,56
0.3,10,10,[ 37 41 24 35 45 36 42 10 46 31 38 43 40 13 4 3 17 44 39 47 34 28 30 18 7 8 6 19 1 5 22 29 12 16 2 11 27 32 20 14 25 15 49 21 26 23 33 48 9 ],2,1,1,25
0.3,10,10,[ 37 41 24 35 45 36 42 10 46 31 38 43 40 13 4 3 17 44 39 47 34 28 30 18 7 8 6 19 1 5 22 29 12 16 2 11 27 32 20 14 25 15 49 21 26 23 33 48 9 ],2,1,1,25
0.3,10,10,[ 37 41 24 35 45 36 42 10 46 31 38 43 40 13 4 3 17 44 39 47 34 28 30 18 7 8 6 19 1 5 22 29 12 16 2 11 27 32 20 14 25 15 49 21 26 23 33 48 9 ],2,1,1,25
0.3,10,10,[ 37 41 24 35 45 36 42 10 46 31 38 43 40 13 4 3 17 44 39 47 34 28 30 18 7 8 6 19 1 5 22 29 12 16 2 11 27 32 20 14 25 15 49 21 26 23 33 48 9 ],2,1,1,25
0.3,10,10,[ 37 41 24 35 45 36 42 10 46 31 38 43 40 13 4 3 17 44 39 47 34 28 30 18 7 8 6 19 1 5 22 29 12 16 2 11 27 32 20 14 25 15 49 21 26 23 33 48 9 ],2,1,1,25
0.3,10,10,[ 37 41 24 35 45 36 42 10 46 31 38 43 40 13 4 3 17 44 39 47 34 28 30 18 7 8 6 19 1 5 22 29 12 16 2 11 27 32 20 14 25 15 49 21 26 23 33 48 9 ],2,1,1,25
0.3,10,10,[ 37 41 24 35 45 36 42 10 46 31 38 43 40 13 4 3 17 44 39 47 34 28 30 18 7 8 6 19 1 5 22 29 12 16 2 11 27 32 20 14 25 15 49 21 26 23 33 48 9 ],2,1,1,25
0.3,10,10,[ 37 41 24 35 45 36 42 10 46 31 38 43 40 13 4 3 17 44 39 47 34 28 30 18 7 8 6 19 1 5 22 29 12 16 2 11 27 32 20 14 25 15 49 21 26 23 33 48 9 ],2,1,1,25
0.3,10,10,[ 37 41 24 35 45 36 42 10 46 31 38 43 40 13 4 3 17 44 39 47 34 28 30 18 7 8 6 19 1 5 22 29 12 16 2 11 27 32 20 14 25 15 49 21 26 23 33 48 9 ],2,1,1,26
0.3,10,10,[ 37 41 24 35 45 36 42 10 46 31 38 43 40 13 4 3 17 44 39 47 34 28 30 18 7 8 6 19 1 5 22 29 12 16 2 11 27 32 20 14 25 15 49 21 26 23 33 48 9 ],2,1,1,26
0.4,10,10,[ 39 14 47 18 27 40 43 20 33 2 23 34 12 15 22 28 38 46 44 48 4 5 8 16 7 13 37 9 19 24 41 11 45 35 26 17 10 29 32 31 21 6 3 1 36 30 25 42 49 ],4,1,1,0
0.4,10,10,[ 39 14 47 18 27 40 43 20 33 2 23 34 12 15 22 28 38 46 44 48 4 5 8 16 7 13 37 9 19 24 41 11 45 35 26 17 10 29 32 31 21 6 3 1 36 30 25 42 49 ],4,1,1,0
0.4,10,10,[ 39 14 47 18 27 40 43 20 33 2 23 34 12 15 22 28 38 46 44 48 4 5 8 16 7 13 37 9 19 24 41 11 45 35 26 17 10 29 32 31 21 6 3 1 36 30 25 42 49 ],4,1,1,0
0.4,10,10,[ 39 14 47 18 27 40 43 20 33 2 23 34 12 15 22 28 38 46 44 48 4 5 8 16 7 13 37 9 19 24 41 11 45 35 26 17 10 29 32 31 21 6 3 1 36 30 25 42 49 ],4,1,1,0
0.4,10,10,[ 39 14 47 18 27 40 43 20 33 2 23 34 12 15 22 28 38 46 44 48 4 5 8 16 7 13 37 9 19 24 41 11 45 35 26 17 10 29 32 31 21 6 3 1 36 30 25 42 49 ],4,1,1,0
0.4,10,10,[ 39 14 47 18 27 40 43 20 33 2 23 34 12 15 22 28 38 46 44 48 4 5 8 16 7 13 37 9 19 24 41 11 45 35 26 17 10 29 32 31 21 6 3 1 36 30 25 42 49 ],4,1,1,0
0.4,10,10,[ 39 14 47 18 27 40 43 20 33 2 23 34 12 15 22 28 38 46 44 48 4 5 8 16 7 13 37 9 19 24 41 11 45 35 26 17 10 29 32 31 21 6 3 1 36 30 25 42 49 ],4,1,1,0
0.4,10,10,[ 39 14 47 18 27 40 43 20 33 2 23 34 12 15 22 28 38 46 44 48 4 5 8 16 7 13 37 9 19 24 41 11 45 35 26 17 10 29 32 31 21 6 3 1 36 30 25 42 49 ],4,1,1,0
0.4,10,10,[ 32 42 49 5 43 37 47 20 39 26 4 2 44 15 38 23 22 11 16 17 40 29 12 34 45 13 10 41 3 1 33 25 8 6 21 7 9 35 14 18 24 27 19 46 30 28 48 31 36 ],2,1,1,45
0.4,10,10,[ 32 42 49 5 43 37 47 20 39 26 4 2 44 15 38 23 22 11 16 17 40 29 12 34 45 13 10 41 3 1 33 25 8 6 21 7 9 35 14 18 24 27 19 46 30 28 48 31 36 ],2,1,1,45
0.5,10,10,[ 32 37 44 16 49 42 41 23 18 24 15 33 34 10 14 21 4 30 38 22 36 6 13 5 48 12 19 46 2 26 47 11 45 17 28 7 3 27 1 9 25 20 8 31 39 43 35 40 29 ],2,1,1,45
0.5,10,10,[ 32 37 44 16 49 42 41 23 18 24 15 33 34 10 14 21 4 30 38 22 36 6 13 5 48 12 19 46 2 26 47 11 45 17 28 7 3 27 1 9 25 20 8 31 39 43 35 40 29 ],2,1,1,45
0.5,10,10,[ 32 37 44 16 49 42 41 23 18 24 15 33 34 10 14 21 4 30 38 22 36 6 13 5 48 12 19 46 2 26 47 11 45 17 28 7 3 27 1 9 25 20 8 31 39 43 35 40 29 ],2,1,1,45
0.5,10,10,[ 32 37 44 16 49 42 41 23 18 24 15 33 34 10 14 21 4 30 38 22 36 6 13 5 48 12 19 46 2 26 47 11 45 17 28 7 3 27 1 9 25 20 8 31 39 43 35 40 29 ],2,1,1,45
0.5,10,10,[ 32 37 44 16 49 42 41 23 18 24 15 33 34 10 14 21 4 30 38 22 36 6 13 5 48 12 19 46 2 26 47 11 45 17 28 7 3 27 1 9 25 20 8 31 39 43 35 40 29 ],2,1,1,45
0.5,10,10,[ 32 37 44 16 49 42 41 23 18 24 15 33 34 10 14 21 4 30 38 22 36 6 13 5 48 12 19 46 2 26 47 11 45 17 28 7 3 27 1 9 25 20 8 31 39 43 35 40 29 ],2,1,1,45
0.5,10,10,[ 32 37 44 16 49 42 41 23 18 24 15 33 34 10 14 21 4 30 38 22 36 6 13 5 48 12 19 46 2 26 47 11 45 17 28 7 3 27 1 9 25 20 8 31 39 43 35 40 29 ],2,1,1,45
0.5,10,10,[ 32 37 44 16 49 42 41 23 18 24 15 33 34 10 14 21 4 30 38 22 36 6 13 5 48 12 19 46 2 26 47 11 45 17 28 7 3 27 1 9 25 20 8 31 39 43 35 40 29 ],2,1,1,45
0.5,10,10,[ 32 37 44 16 49 42 41 23 18 24 15 33 34 10 14 21 4 30 38 22 36 6 13 5 48 12 19 46 2 26 47 11 45 17 28 7 3 27 1 9 25 20 8 31 39 43 35 40 29 ],2,1,1,45
0.5,10,10,[ 32 37 44 16 49 42 41 23 18 24 15 33 34 10 14 21 4 30 38 22 36 6 13 5 48 12 19 46 2 26 47 11 45 17 28 7 3 27 1 9 25 20 8 31 39 43 35 40 29 ],2,1,1,45
0.6,10,10,[ 32 35 14 36 49 46 29 13 38 28 48 42 4 6 27 43 41 33 47 39 16 26 9 19 11 15 7 12 3 25 37 10 45 31 24 34 8 22 18 1 23 17 2 20 21 30 5 40 44 ],3,1,1,5
0.6,10,10,[ 32 35 14 36 49 46 29 13 38 28 48 42 4 6 27 43 41 33 47 39 16 26 9 19 11 15 7 12 3 25 37 10 45 31 24 34 8 22 18 1 23 17 2 20 21 30 5 40 44 ],3,1,1,5
0.6,10,10,[ 32 35 14 36 49 46 29 13 38 28 48 42 4 6 27 43 41 33 47 39 16 26 9 19 11 15 7 12 3 25 37 10 45 31 24 34 8 22 18 1 23 17 2 20 21 30 5 40 44 ],3,1,1,5
0.6,10,10,[ 32 35 14 36 49 46 29 13 38 28 48 42 4 6 27 43 41 33 47 39 16 26 9 19 11 15 7 12 3 25 37 10 45 31 24 34 8 22 18 1 23 17 2 20 21 30 5 40 44 ],3,1,1,5
0.6,10,10,[ 32 35 14 36 49 46 29 13 38 28 48 42 4 6 27 43 41 33 47 39 16 26 9 19 11 15 7 12 3 25 37 10 45 31 24 34 8 22 18 1 23 17 2 20 21 30 5 40 44 ],3,1,1,5
0.6,10,10,[ 32 35 14 36 49 46 29 13 38 28 48 42 4 6 27 43 41 33 47 39 16 26 9 19 11 15 7 12 3 25 37 10 45 31 24 34 8 22 18 1 23 17 2 20 21 30 5 40 44 ],3,1,1,5
0.6,10,10,[ 32 35 14 36 49 46 29 13 38 28 48 42 4 6 27 43 41 33 47 39 16 26 9 19 11 15 7 12 3 25 37 10 45 31 24 34 8 22 18 1 23 17 2 20 21 30 5 40 44 ],3,1,1,5
0.6,10,10,[ 32 35 14 36 49 46 29 13 38 28 48 42 4 6 27 43 41 33 47 39 16 26 9 19 11 15 7 12 3 25 37 10 45 31 24 34 8 22 18 1 23 17 2 20 21 30 5 40 44 ],3,1,1,5
0.6,10,10,[ 32 35 14 36 49 46 29 13 38 28 48 42 4 6 27 43 41 33 47 39 16 26 9 19 11 15 7 12 3 25 37 10 45 31 24 34 8 22 18 1 23 17 2 20 21 30 5 40 44 ],3,1,1,5
0.6,10,10,[ 32 35 14 36 49 46 29 13 38 28 48 42 4 6 27 43 41 33 47 39 16 26 9 19 11 15 7 12 3 25 37 10 45 31 24 34 8 22 18 1 23 17 2 20 21 30 5 40 44 ],3,1,1,5
0.7,10,10,[ 46 17 39 18 49 40 33 6 36 31 45 41 1 11 25 30 48 37 35 38 10 34 13 3 16 5 15 9 24 47 4 43 28 23 29 12 21 20 19 22 8 7 26 14 32 27 2 44 42 ],2,1,1,1
0.7,10,10,[ 46 17 39 18 49 40 33 6 36 31 45 41 1 11 25 30 48 37 35 38 10 34 13 3 16 5 15 9 24 47 4 43 28 23 29 12 21 20 19 22 8 7 26 14 32 27 2 44 42 ],2,1,1,1
0.7,10,10,[ 46 17 39 18 49 40 33 6 36 31 45 41 1 11 25 30 48 37 35 38 10 34 13 3 16 5 15 9 24 47 4 43 28 23 29 12 21 20 19 22 8 7 26 14 32 27 2 44 42 ],2,1,1,1
0.7,10,10,[ 46 17 39 18 49 40 33 6 36 31 45 41 1 11 25 30 48 37 35 38 10 34 13 3 16 5 15 9 24 47 4 43 28 23 29 12 21 20 19 22 8 7 26 14 32 27 2 44 42 ],2,1,1,1
0.7,10,10,[ 46 17 39 18 49 40 33 6 36 31 45 41 1 11 25 30 48 37 35 38 10 34 13 3 16 5 15 9 24 47 4 43 28 23 29 12 21 20 19 22 8 7 26 14 32 27 2 44 42 ],2,1,1,1
0.7,10,10,[ 46 17 39 18 49 40 33 6 36 31 45 41 1 11 25 30 48 37 35 38 10 34 13 3 16 5 15 9 24 47 4 43 28 23 29 12 21 20 19 22 8 7 26 14 32 27 2 44 42 ],2,1,1,1
0.7,10,10,[ 46 17 39 18 49 40 33 6 36 31 45 41 1 11 25 30 48 37 35 38 10 34 13 3 16 5 15 9 24 47 4 43 28 23 29 12 21 20 19 22 8 7 26 14 32 27 2 44 42 ],2,1,1,1
0.7,10,10,[ 46 17 39 18 49 40 33 6 36 31 45 41 1 11 25 30 48 37 35 38 10 34 13 3 16 5 15 9 24 47 4 43 28 23 29 12 21 20 19 22 8 7 26 14 32 27 2 44 42 ],2,1,1,1
0.7,10,10,[ 46 17 39 18 49 40 33 6 36 31 45 41 1 11 25 30 48 37 35 38 10 34 13 3 16 5 15 9 24 47 4 43 28 23 29 12 21 20 19 22 8 7 26 14 32 27 2 44 42 ],2,1,1,1
0.7,10,10,[ 46 17 39 18 49 40 33 6 36 31 45 41 1 11 25 30 48 37 35 38 10 34 13 3 16 5 15 9 24 47 4 43 28 23 29 12 21 20 19 22 8 7 26 14 32 27 2 44 42 ],2,1,1,1
0.8,10,10,[ 32 42 18 35 17 45 40 33 12 38 29 41 48 10 1 24 34 39 37 36 44 7 28 14 9 8 13 15 6 23 49 2 43 30 25 26 3 21 19 16 22 4 5 27 20 31 11 47 46 ],3,1,1,27
0.8,10,10,[ 32 42 18 35 17 45 40 33 12 38 29 41 48 10 1 24 34 39 37 36 44 7 28 14 9 8 13 15 6 23 49 2 43 30 25 26 3 21 19 16 22 4 5 27 20 31 11 47 46 ],3,1,1,27
0.8,10,10,[ 32 42 18 35 17 45 40 33 12 38 29 41 48 10 1 24 34 39 37 36 44 7 28 14 9 8 13 15 6 23 49 2 43 30 25 26 3 21 19 16 22 4 5 27 20 31 11 47 46 ],3,1,1,28
0.8,10,10,[ 32 42 18 35 17 45 40 33 12 38 29 41 48 10 1 24 34 39 37 36 44 7 28 14 9 8 13 15 6 23 49 2 43 30 25 26 3 21 19 16 22 4 5 27 20 31 11 47 46 ],3,1,1,27
0.8,10,10,[ 32 42 18 35 17 45 40 33 12 38 29 41 48 10 1 24 34 39 37 36 44 7 28 14 9 8 13 15 6 23 49 2 43 30 25 26 3 21 19 16 22 4 5 27 20 31 11 47 46 ],3,1,1,26
0.8,10,10,[ 32 42 18 35 17 45 40 33 12 38 29 41 48 10 1 24 34 39 37 36 44 7 28 14 9 8 13 15 6 23 49 2 43 30 25 26 3 21 19 16 22 4 5 27 20 31 11 47 46 ],3,1,1,26
0.8,10,10,[ 32 42 18 35 17 45 40 33 12 38 29 41 48 10 1 24 34 39 37 36 44 7 28 14 9 8 13 15 6 23 49 2 43 30 25 26 3 21 19 16 22 4 5 27 20 31 11 47 46 ],3,1,1,26
0.8,10,10,[ 32 42 18 35 17 45 40 33 12 38 29 41 48 10 1 24 34 39 37 36 44 7 28 14 9 8 13 15 6 23 49 2 43 30 25 26 3 21 19 16 22 4 5 27 20 31 11 47 46 ],3,1,1,26
0.8,10,10,[ 32 42 18 35 17 45 40 33 12 38 29 41 48 10 1 24 34 39 37 36 44 7 28 14 9 8 13 15 6 23 49 2 43 30 25 26 3 21 19 16 22 4 5 27 20 31 11 47 46 ],3,1,1,26
0.8,10,10,[ 32 42 18 35 17 45 40 33 12 38 29 41 48 10 1 24 34 39 37 36 44 7 28 14 9 8 13 15 6 23 49 2 43 30 25 26 3 21 19 16 22 4 5 27 20 31 11 47 46 ],3,1,1,27
0.9,10,10,[ 43 17 39 16 41 48 30 9 35 28 45 42 15 7 25 33 37 40 36 44 5 29 6 11 14 1 12 3 23 49 4 38 31 24 32 27 2 21 20 19 22 8 10 26 18 34 13 47 46 ],2,1,1,1
0.9,10,10,[ 43 17 39 16 41 48 30 9 35 28 45 42 15 7 25 33 37 40 36 44 5 29 6 11 14 1 12 3 23 49 4 38 31 24 32 27 2 21 20 19 22 8 10 26 18 34 13 47 46 ],2,1,1,1
0.9,10,10,[ 43 17 39 16 41 48 30 9 35 28 45 42 15 7 25 33 37 40 36 44 5 29 6 11 14 1 12 3 23 49 4 38 31 24 32 27 2 21 20 19 22 8 10 26 18 34 13 47 46 ],2,1,1,1
0.9,10,10,[ 43 17 39 16 41 48 30 9 35 28 45 42 15 7 25 33 37 40 36 44 5 29 6 11 14 1 12 3 23 49 4 38 31 24 32 27 2 21 20 19 22 8 10 26 18 34 13 47 46 ],2,1,1,1
0.9,10,10,[ 43 17 39 16 41 48 30 9 35 28 45 42 15 7 25 33 37 40 36 44 5 29 6 11 14 1 12 3 23 49 4 38 31 24 32 27 2 21 20 19 22 8 10 26 18 34 13 47 46 ],2,1,1,1
0.9,10,10,[ 43 17 39 16 41 48 30 9 35 28 45 42 15 7 25 33 37 40 36 44 5 29 6 11 14 1 12 3 23 49 4 38 31 24 32 27 2 21 20 19 22 8 10 26 18 34 13 47 46 ],2,1,1,1
0.9,10,10,[ 43 17 39 16 41 48 30 9 35 28 45 42 15 7 25 33 37 40 36 44 5 29 6 11 14 1 12 3 23 49 4 38 31 24 32 27 2 21 20 19 22 8 10 26 18 34 13 47 46 ],2,1,1,1
0.9,10,10,[ 43 17 39 16 41 48 30 9 35 28 45 42 15 7 25 33 37 40 36 44 5 29 6 11 14 1 12 3 23 49 4 38 31 24 32 27 2 21 20 19 22 8 10 26 18 34 13 47 46 ],2,1,1,1
0.9,10,10,[ 43 17 39 16 41 48 30 9 35 28 45 42 15 7 25 33 37 40 36 44 5 29 6 11 14 1 12 3 23 49 4 38 31 24 32 27 2 21 20 19 22 8 10 26 18 34 13 47 46 ],2,1,1,1
0.9,10,10,[ 43 17 39 16 41 48 30 9 35 28 45 42 15 7 25 33 37 40 36 44 5 29 6 11 14 1 12 3 23 49 4 38 31 24 32 27 2 21 20 19 22 8 10 26 18 34 13 47 46 ],2,1,1,1
